{
  "request": {
    "kind": "getVariantAnalysisRepo",
    "repositoryId": 23418517
  },
  "response": {
    "status": 200,
    "body": {
      "repository": {
        "id": 23418517,
        "node_id": "MDEwOlJlcG9zaXRvcnkyMzQxODUxNw==",
        "name": "hadoop",
        "full_name": "apache/hadoop",
        "private": false,
        "owner": {
          "login": "apache",
          "id": 47359,
          "node_id": "MDEyOk9yZ2FuaXphdGlvbjQ3MzU5",
          "avatar_url": "https://avatars.githubusercontent.com/u/47359?v=4",
          "gravatar_id": "",
          "url": "https://api.github.com/users/apache",
          "html_url": "https://github.com/apache",
          "followers_url": "https://api.github.com/users/apache/followers",
          "following_url": "https://api.github.com/users/apache/following{/other_user}",
          "gists_url": "https://api.github.com/users/apache/gists{/gist_id}",
          "starred_url": "https://api.github.com/users/apache/starred{/owner}{/repo}",
          "subscriptions_url": "https://api.github.com/users/apache/subscriptions",
          "organizations_url": "https://api.github.com/users/apache/orgs",
          "repos_url": "https://api.github.com/users/apache/repos",
          "events_url": "https://api.github.com/users/apache/events{/privacy}",
          "received_events_url": "https://api.github.com/users/apache/received_events",
          "type": "Organization",
          "site_admin": false
        },
        "html_url": "https://github.com/apache/hadoop",
        "description": "Apache Hadoop",
        "fork": false,
        "url": "https://api.github.com/repos/apache/hadoop",
        "forks_url": "https://api.github.com/repos/apache/hadoop/forks",
        "keys_url": "https://api.github.com/repos/apache/hadoop/keys{/key_id}",
        "collaborators_url": "https://api.github.com/repos/apache/hadoop/collaborators{/collaborator}",
        "teams_url": "https://api.github.com/repos/apache/hadoop/teams",
        "hooks_url": "https://api.github.com/repos/apache/hadoop/hooks",
        "issue_events_url": "https://api.github.com/repos/apache/hadoop/issues/events{/number}",
        "events_url": "https://api.github.com/repos/apache/hadoop/events",
        "assignees_url": "https://api.github.com/repos/apache/hadoop/assignees{/user}",
        "branches_url": "https://api.github.com/repos/apache/hadoop/branches{/branch}",
        "tags_url": "https://api.github.com/repos/apache/hadoop/tags",
        "blobs_url": "https://api.github.com/repos/apache/hadoop/git/blobs{/sha}",
        "git_tags_url": "https://api.github.com/repos/apache/hadoop/git/tags{/sha}",
        "git_refs_url": "https://api.github.com/repos/apache/hadoop/git/refs{/sha}",
        "trees_url": "https://api.github.com/repos/apache/hadoop/git/trees{/sha}",
        "statuses_url": "https://api.github.com/repos/apache/hadoop/statuses/{sha}",
        "languages_url": "https://api.github.com/repos/apache/hadoop/languages",
        "stargazers_url": "https://api.github.com/repos/apache/hadoop/stargazers",
        "contributors_url": "https://api.github.com/repos/apache/hadoop/contributors",
        "subscribers_url": "https://api.github.com/repos/apache/hadoop/subscribers",
        "subscription_url": "https://api.github.com/repos/apache/hadoop/subscription",
        "commits_url": "https://api.github.com/repos/apache/hadoop/commits{/sha}",
        "git_commits_url": "https://api.github.com/repos/apache/hadoop/git/commits{/sha}",
        "comments_url": "https://api.github.com/repos/apache/hadoop/comments{/number}",
        "issue_comment_url": "https://api.github.com/repos/apache/hadoop/issues/comments{/number}",
        "contents_url": "https://api.github.com/repos/apache/hadoop/contents/{+path}",
        "compare_url": "https://api.github.com/repos/apache/hadoop/compare/{base}...{head}",
        "merges_url": "https://api.github.com/repos/apache/hadoop/merges",
        "archive_url": "https://api.github.com/repos/apache/hadoop/{archive_format}{/ref}",
        "downloads_url": "https://api.github.com/repos/apache/hadoop/downloads",
        "issues_url": "https://api.github.com/repos/apache/hadoop/issues{/number}",
        "pulls_url": "https://api.github.com/repos/apache/hadoop/pulls{/number}",
        "milestones_url": "https://api.github.com/repos/apache/hadoop/milestones{/number}",
        "notifications_url": "https://api.github.com/repos/apache/hadoop/notifications{?since,all,participating}",
        "labels_url": "https://api.github.com/repos/apache/hadoop/labels{/name}",
        "releases_url": "https://api.github.com/repos/apache/hadoop/releases{/id}",
        "deployments_url": "https://api.github.com/repos/apache/hadoop/deployments"
      },
      "analysis_status": "succeeded",
      "artifact_size_in_bytes": 66895,
      "result_count": 3,
      "database_commit_sha": "aac87ffe76451c2fd535350b7aefb384e2be6241",
      "source_location_prefix": "/home/runner/work/bulk-builder/bulk-builder",
      "artifact_url": "https://objects-origin.githubusercontent.com/codeql-query-console/codeql-variant-analysis-repo-tasks/146/23418517/425ed1e9-c214-4f71-832d-798da3ed7452?X-Amz-Algorithm=AWS4-HMAC-SHA256&X-Amz-Credential=queryconsoleprod%2F20221026%2Fus-east-1%2Fs3%2Faws4_request&X-Amz-Date=20221026T124654Z&X-Amz-Expires=300&X-Amz-Signature=98dc5dfcc4c70c4cc40fb62fb87a21671b1ee26266e8ade3109d6f39cfceef5a&X-Amz-SignedHeaders=host&actor_id=311693&key_id=0&repo_id=557804416"
    }
  }
}
