{
  "request": {
    "kind": "getVariantAnalysisRepo",
    "repositoryId": 257485422
  },
  "response": {
    "status": 200,
    "body": {
      "repository": {
        "id": 257485422,
        "node_id": "MDEwOlJlcG9zaXRvcnkyNTc0ODU0MjI=",
        "name": "vite",
        "full_name": "vitejs/vite",
        "private": false,
        "owner": {
          "login": "vitejs",
          "id": 65625612,
          "node_id": "MDEyOk9yZ2FuaXphdGlvbjY1NjI1NjEy",
          "avatar_url": "https://avatars.githubusercontent.com/u/65625612?v=4",
          "gravatar_id": "",
          "url": "https://api.github.com/users/vitejs",
          "html_url": "https://github.com/vitejs",
          "followers_url": "https://api.github.com/users/vitejs/followers",
          "following_url": "https://api.github.com/users/vitejs/following{/other_user}",
          "gists_url": "https://api.github.com/users/vitejs/gists{/gist_id}",
          "starred_url": "https://api.github.com/users/vitejs/starred{/owner}{/repo}",
          "subscriptions_url": "https://api.github.com/users/vitejs/subscriptions",
          "organizations_url": "https://api.github.com/users/vitejs/orgs",
          "repos_url": "https://api.github.com/users/vitejs/repos",
          "events_url": "https://api.github.com/users/vitejs/events{/privacy}",
          "received_events_url": "https://api.github.com/users/vitejs/received_events",
          "type": "Organization",
          "site_admin": false
        },
        "html_url": "https://github.com/vitejs/vite",
        "description": "Next generation frontend tooling. It's fast!",
        "fork": false,
        "url": "https://api.github.com/repos/vitejs/vite",
        "forks_url": "https://api.github.com/repos/vitejs/vite/forks",
        "keys_url": "https://api.github.com/repos/vitejs/vite/keys{/key_id}",
        "collaborators_url": "https://api.github.com/repos/vitejs/vite/collaborators{/collaborator}",
        "teams_url": "https://api.github.com/repos/vitejs/vite/teams",
        "hooks_url": "https://api.github.com/repos/vitejs/vite/hooks",
        "issue_events_url": "https://api.github.com/repos/vitejs/vite/issues/events{/number}",
        "events_url": "https://api.github.com/repos/vitejs/vite/events",
        "assignees_url": "https://api.github.com/repos/vitejs/vite/assignees{/user}",
        "branches_url": "https://api.github.com/repos/vitejs/vite/branches{/branch}",
        "tags_url": "https://api.github.com/repos/vitejs/vite/tags",
        "blobs_url": "https://api.github.com/repos/vitejs/vite/git/blobs{/sha}",
        "git_tags_url": "https://api.github.com/repos/vitejs/vite/git/tags{/sha}",
        "git_refs_url": "https://api.github.com/repos/vitejs/vite/git/refs{/sha}",
        "trees_url": "https://api.github.com/repos/vitejs/vite/git/trees{/sha}",
        "statuses_url": "https://api.github.com/repos/vitejs/vite/statuses/{sha}",
        "languages_url": "https://api.github.com/repos/vitejs/vite/languages",
        "stargazers_url": "https://api.github.com/repos/vitejs/vite/stargazers",
        "contributors_url": "https://api.github.com/repos/vitejs/vite/contributors",
        "subscribers_url": "https://api.github.com/repos/vitejs/vite/subscribers",
        "subscription_url": "https://api.github.com/repos/vitejs/vite/subscription",
        "commits_url": "https://api.github.com/repos/vitejs/vite/commits{/sha}",
        "git_commits_url": "https://api.github.com/repos/vitejs/vite/git/commits{/sha}",
        "comments_url": "https://api.github.com/repos/vitejs/vite/comments{/number}",
        "issue_comment_url": "https://api.github.com/repos/vitejs/vite/issues/comments{/number}",
        "contents_url": "https://api.github.com/repos/vitejs/vite/contents/{+path}",
        "compare_url": "https://api.github.com/repos/vitejs/vite/compare/{base}...{head}",
        "merges_url": "https://api.github.com/repos/vitejs/vite/merges",
        "archive_url": "https://api.github.com/repos/vitejs/vite/{archive_format}{/ref}",
        "downloads_url": "https://api.github.com/repos/vitejs/vite/downloads",
        "issues_url": "https://api.github.com/repos/vitejs/vite/issues{/number}",
        "pulls_url": "https://api.github.com/repos/vitejs/vite/pulls{/number}",
        "milestones_url": "https://api.github.com/repos/vitejs/vite/milestones{/number}",
        "notifications_url": "https://api.github.com/repos/vitejs/vite/notifications{?since,all,participating}",
        "labels_url": "https://api.github.com/repos/vitejs/vite/labels{/name}",
        "releases_url": "https://api.github.com/repos/vitejs/vite/releases{/id}",
        "deployments_url": "https://api.github.com/repos/vitejs/vite/deployments"
      },
      "analysis_status": "succeeded",
      "artifact_size_in_bytes": 702,
      "result_count": 0,
      "database_commit_sha": "de6323f460dd3e7e3edf97443ece2acce6187ea0",
      "source_location_prefix": "/home/runner/work/bulk-builder/bulk-builder",
      "artifact_url": "https://objects-origin.githubusercontent.com/codeql-query-console/codeql-variant-analysis-repo-tasks/146/257485422/862ee5f1-0e34-4997-a60e-b97cea3eadc9?X-Amz-Algorithm=AWS4-HMAC-SHA256&X-Amz-Credential=queryconsoleprod%2F20221026%2Fus-east-1%2Fs3%2Faws4_request&X-Amz-Date=20221026T124658Z&X-Amz-Expires=300&X-Amz-Signature=df0ac0f0f8f746ad977ad859bc6b43e4cdc74ff285a33cba489b16bf9c161490&X-Amz-SignedHeaders=host&actor_id=311693&key_id=0&repo_id=557804416"
    }
  }
}
