{
  "request": {
    "kind": "getVariantAnalysisRepo",
    "repositoryId": 20753500
  },
  "response": {
    "status": 200,
    "body": {
      "repository": {
        "id": 20753500,
        "node_id": "MDEwOlJlcG9zaXRvcnkyMDc1MzUwMA==",
        "name": "ng-nice",
        "full_name": "angular-cn/ng-nice",
        "private": false,
        "owner": {
          "login": "angular-cn",
          "id": 6211039,
          "node_id": "MDEyOk9yZ2FuaXphdGlvbjYyMTEwMzk=",
          "avatar_url": "https://avatars.githubusercontent.com/u/6211039?v=4",
          "gravatar_id": "",
          "url": "https://api.github.com/users/angular-cn",
          "html_url": "https://github.com/angular-cn",
          "followers_url": "https://api.github.com/users/angular-cn/followers",
          "following_url": "https://api.github.com/users/angular-cn/following{/other_user}",
          "gists_url": "https://api.github.com/users/angular-cn/gists{/gist_id}",
          "starred_url": "https://api.github.com/users/angular-cn/starred{/owner}{/repo}",
          "subscriptions_url": "https://api.github.com/users/angular-cn/subscriptions",
          "organizations_url": "https://api.github.com/users/angular-cn/orgs",
          "repos_url": "https://api.github.com/users/angular-cn/repos",
          "events_url": "https://api.github.com/users/angular-cn/events{/privacy}",
          "received_events_url": "https://api.github.com/users/angular-cn/received_events",
          "type": "Organization",
          "site_admin": false
        },
        "html_url": "https://github.com/angular-cn/ng-nice",
        "description": "NgNice Web Site http://ngnice.com",
        "fork": false,
        "url": "https://api.github.com/repos/angular-cn/ng-nice",
        "forks_url": "https://api.github.com/repos/angular-cn/ng-nice/forks",
        "keys_url": "https://api.github.com/repos/angular-cn/ng-nice/keys{/key_id}",
        "collaborators_url": "https://api.github.com/repos/angular-cn/ng-nice/collaborators{/collaborator}",
        "teams_url": "https://api.github.com/repos/angular-cn/ng-nice/teams",
        "hooks_url": "https://api.github.com/repos/angular-cn/ng-nice/hooks",
        "issue_events_url": "https://api.github.com/repos/angular-cn/ng-nice/issues/events{/number}",
        "events_url": "https://api.github.com/repos/angular-cn/ng-nice/events",
        "assignees_url": "https://api.github.com/repos/angular-cn/ng-nice/assignees{/user}",
        "branches_url": "https://api.github.com/repos/angular-cn/ng-nice/branches{/branch}",
        "tags_url": "https://api.github.com/repos/angular-cn/ng-nice/tags",
        "blobs_url": "https://api.github.com/repos/angular-cn/ng-nice/git/blobs{/sha}",
        "git_tags_url": "https://api.github.com/repos/angular-cn/ng-nice/git/tags{/sha}",
        "git_refs_url": "https://api.github.com/repos/angular-cn/ng-nice/git/refs{/sha}",
        "trees_url": "https://api.github.com/repos/angular-cn/ng-nice/git/trees{/sha}",
        "statuses_url": "https://api.github.com/repos/angular-cn/ng-nice/statuses/{sha}",
        "languages_url": "https://api.github.com/repos/angular-cn/ng-nice/languages",
        "stargazers_url": "https://api.github.com/repos/angular-cn/ng-nice/stargazers",
        "contributors_url": "https://api.github.com/repos/angular-cn/ng-nice/contributors",
        "subscribers_url": "https://api.github.com/repos/angular-cn/ng-nice/subscribers",
        "subscription_url": "https://api.github.com/repos/angular-cn/ng-nice/subscription",
        "commits_url": "https://api.github.com/repos/angular-cn/ng-nice/commits{/sha}",
        "git_commits_url": "https://api.github.com/repos/angular-cn/ng-nice/git/commits{/sha}",
        "comments_url": "https://api.github.com/repos/angular-cn/ng-nice/comments{/number}",
        "issue_comment_url": "https://api.github.com/repos/angular-cn/ng-nice/issues/comments{/number}",
        "contents_url": "https://api.github.com/repos/angular-cn/ng-nice/contents/{+path}",
        "compare_url": "https://api.github.com/repos/angular-cn/ng-nice/compare/{base}...{head}",
        "merges_url": "https://api.github.com/repos/angular-cn/ng-nice/merges",
        "archive_url": "https://api.github.com/repos/angular-cn/ng-nice/{archive_format}{/ref}",
        "downloads_url": "https://api.github.com/repos/angular-cn/ng-nice/downloads",
        "issues_url": "https://api.github.com/repos/angular-cn/ng-nice/issues{/number}",
        "pulls_url": "https://api.github.com/repos/angular-cn/ng-nice/pulls{/number}",
        "milestones_url": "https://api.github.com/repos/angular-cn/ng-nice/milestones{/number}",
        "notifications_url": "https://api.github.com/repos/angular-cn/ng-nice/notifications{?since,all,participating}",
        "labels_url": "https://api.github.com/repos/angular-cn/ng-nice/labels{/name}",
        "releases_url": "https://api.github.com/repos/angular-cn/ng-nice/releases{/id}",
        "deployments_url": "https://api.github.com/repos/angular-cn/ng-nice/deployments"
      },
      "analysis_status": "succeeded",
      "artifact_size_in_bytes": 156706,
      "result_count": 8,
      "database_commit_sha": "85f9118fa7c10395eb01b019ba57680805897efa",
      "source_location_prefix": "/home/runner/work/bulk-builder/bulk-builder",
      "artifact_url": "https://objects-origin.githubusercontent.com/codeql-query-console/codeql-variant-analysis-repo-tasks/146/20753500/7cb3d923-6312-4453-8df2-e98382437ddd?X-Amz-Algorithm=AWS4-HMAC-SHA256&X-Amz-Credential=queryconsoleprod%2F20221026%2Fus-east-1%2Fs3%2Faws4_request&X-Amz-Date=20221026T124729Z&X-Amz-Expires=300&X-Amz-Signature=d8e403e6ed13e7ce8b305d07be139e3ffac8a26f2e010acdbeaf9365588ab17f&X-Amz-SignedHeaders=host&actor_id=311693&key_id=0&repo_id=557804416"
    }
  }
}
