{
  "request": {
    "kind": "getVariantAnalysisRepo",
    "repositoryId": 236095576
  },
  "response": {
    "status": 200,
    "body": {
      "repository": {
        "id": 236095576,
        "node_id": "MDEwOlJlcG9zaXRvcnkyMzYwOTU1NzY=",
        "name": "backstage",
        "full_name": "backstage/backstage",
        "private": false,
        "owner": {
          "login": "backstage",
          "id": 72526453,
          "node_id": "MDEyOk9yZ2FuaXphdGlvbjcyNTI2NDUz",
          "avatar_url": "https://avatars.githubusercontent.com/u/72526453?v=4",
          "gravatar_id": "",
          "url": "https://api.github.com/users/backstage",
          "html_url": "https://github.com/backstage",
          "followers_url": "https://api.github.com/users/backstage/followers",
          "following_url": "https://api.github.com/users/backstage/following{/other_user}",
          "gists_url": "https://api.github.com/users/backstage/gists{/gist_id}",
          "starred_url": "https://api.github.com/users/backstage/starred{/owner}{/repo}",
          "subscriptions_url": "https://api.github.com/users/backstage/subscriptions",
          "organizations_url": "https://api.github.com/users/backstage/orgs",
          "repos_url": "https://api.github.com/users/backstage/repos",
          "events_url": "https://api.github.com/users/backstage/events{/privacy}",
          "received_events_url": "https://api.github.com/users/backstage/received_events",
          "type": "Organization",
          "site_admin": false
        },
        "html_url": "https://github.com/backstage/backstage",
        "description": "Backstage is an open platform for building developer portals",
        "fork": false,
        "url": "https://api.github.com/repos/backstage/backstage",
        "forks_url": "https://api.github.com/repos/backstage/backstage/forks",
        "keys_url": "https://api.github.com/repos/backstage/backstage/keys{/key_id}",
        "collaborators_url": "https://api.github.com/repos/backstage/backstage/collaborators{/collaborator}",
        "teams_url": "https://api.github.com/repos/backstage/backstage/teams",
        "hooks_url": "https://api.github.com/repos/backstage/backstage/hooks",
        "issue_events_url": "https://api.github.com/repos/backstage/backstage/issues/events{/number}",
        "events_url": "https://api.github.com/repos/backstage/backstage/events",
        "assignees_url": "https://api.github.com/repos/backstage/backstage/assignees{/user}",
        "branches_url": "https://api.github.com/repos/backstage/backstage/branches{/branch}",
        "tags_url": "https://api.github.com/repos/backstage/backstage/tags",
        "blobs_url": "https://api.github.com/repos/backstage/backstage/git/blobs{/sha}",
        "git_tags_url": "https://api.github.com/repos/backstage/backstage/git/tags{/sha}",
        "git_refs_url": "https://api.github.com/repos/backstage/backstage/git/refs{/sha}",
        "trees_url": "https://api.github.com/repos/backstage/backstage/git/trees{/sha}",
        "statuses_url": "https://api.github.com/repos/backstage/backstage/statuses/{sha}",
        "languages_url": "https://api.github.com/repos/backstage/backstage/languages",
        "stargazers_url": "https://api.github.com/repos/backstage/backstage/stargazers",
        "contributors_url": "https://api.github.com/repos/backstage/backstage/contributors",
        "subscribers_url": "https://api.github.com/repos/backstage/backstage/subscribers",
        "subscription_url": "https://api.github.com/repos/backstage/backstage/subscription",
        "commits_url": "https://api.github.com/repos/backstage/backstage/commits{/sha}",
        "git_commits_url": "https://api.github.com/repos/backstage/backstage/git/commits{/sha}",
        "comments_url": "https://api.github.com/repos/backstage/backstage/comments{/number}",
        "issue_comment_url": "https://api.github.com/repos/backstage/backstage/issues/comments{/number}",
        "contents_url": "https://api.github.com/repos/backstage/backstage/contents/{+path}",
        "compare_url": "https://api.github.com/repos/backstage/backstage/compare/{base}...{head}",
        "merges_url": "https://api.github.com/repos/backstage/backstage/merges",
        "archive_url": "https://api.github.com/repos/backstage/backstage/{archive_format}{/ref}",
        "downloads_url": "https://api.github.com/repos/backstage/backstage/downloads",
        "issues_url": "https://api.github.com/repos/backstage/backstage/issues{/number}",
        "pulls_url": "https://api.github.com/repos/backstage/backstage/pulls{/number}",
        "milestones_url": "https://api.github.com/repos/backstage/backstage/milestones{/number}",
        "notifications_url": "https://api.github.com/repos/backstage/backstage/notifications{?since,all,participating}",
        "labels_url": "https://api.github.com/repos/backstage/backstage/labels{/name}",
        "releases_url": "https://api.github.com/repos/backstage/backstage/releases{/id}",
        "deployments_url": "https://api.github.com/repos/backstage/backstage/deployments"
      },
      "analysis_status": "succeeded",
      "artifact_size_in_bytes": 710,
      "result_count": 0,
      "database_commit_sha": "18536a76c5efb0f0706c309f3295ed7f11f80491",
      "source_location_prefix": "/home/runner/work/backstage/backstage",
      "artifact_url": "https://objects-origin.githubusercontent.com/codeql-query-console/codeql-variant-analysis-repo-tasks/146/236095576/b4e1e158-d7ce-45e8-8fac-dad3524f2d54?X-Amz-Algorithm=AWS4-HMAC-SHA256&X-Amz-Credential=queryconsoleprod%2F20221026%2Fus-east-1%2Fs3%2Faws4_request&X-Amz-Date=20221026T124816Z&X-Amz-Expires=300&X-Amz-Signature=c215823eebb9d0ca92045e1c99591dfd28005562815b46d68cbfad25621375ea&X-Amz-SignedHeaders=host&actor_id=311693&key_id=0&repo_id=557804416"
    }
  }
}
