{
  "request": {
    "kind": "getVariantAnalysisRepo",
    "repositoryId": 206444
  },
  "response": {
    "status": 200,
    "body": {
      "repository": {
        "id": 206444,
        "node_id": "MDEwOlJlcG9zaXRvcnkyMDY0NDQ=",
        "name": "hive",
        "full_name": "apache/hive",
        "private": false,
        "owner": {
          "login": "apache",
          "id": 47359,
          "node_id": "MDEyOk9yZ2FuaXphdGlvbjQ3MzU5",
          "avatar_url": "https://avatars.githubusercontent.com/u/47359?v=4",
          "gravatar_id": "",
          "url": "https://api.github.com/users/apache",
          "html_url": "https://github.com/apache",
          "followers_url": "https://api.github.com/users/apache/followers",
          "following_url": "https://api.github.com/users/apache/following{/other_user}",
          "gists_url": "https://api.github.com/users/apache/gists{/gist_id}",
          "starred_url": "https://api.github.com/users/apache/starred{/owner}{/repo}",
          "subscriptions_url": "https://api.github.com/users/apache/subscriptions",
          "organizations_url": "https://api.github.com/users/apache/orgs",
          "repos_url": "https://api.github.com/users/apache/repos",
          "events_url": "https://api.github.com/users/apache/events{/privacy}",
          "received_events_url": "https://api.github.com/users/apache/received_events",
          "type": "Organization",
          "site_admin": false
        },
        "html_url": "https://github.com/apache/hive",
        "description": "Apache Hive",
        "fork": false,
        "url": "https://api.github.com/repos/apache/hive",
        "forks_url": "https://api.github.com/repos/apache/hive/forks",
        "keys_url": "https://api.github.com/repos/apache/hive/keys{/key_id}",
        "collaborators_url": "https://api.github.com/repos/apache/hive/collaborators{/collaborator}",
        "teams_url": "https://api.github.com/repos/apache/hive/teams",
        "hooks_url": "https://api.github.com/repos/apache/hive/hooks",
        "issue_events_url": "https://api.github.com/repos/apache/hive/issues/events{/number}",
        "events_url": "https://api.github.com/repos/apache/hive/events",
        "assignees_url": "https://api.github.com/repos/apache/hive/assignees{/user}",
        "branches_url": "https://api.github.com/repos/apache/hive/branches{/branch}",
        "tags_url": "https://api.github.com/repos/apache/hive/tags",
        "blobs_url": "https://api.github.com/repos/apache/hive/git/blobs{/sha}",
        "git_tags_url": "https://api.github.com/repos/apache/hive/git/tags{/sha}",
        "git_refs_url": "https://api.github.com/repos/apache/hive/git/refs{/sha}",
        "trees_url": "https://api.github.com/repos/apache/hive/git/trees{/sha}",
        "statuses_url": "https://api.github.com/repos/apache/hive/statuses/{sha}",
        "languages_url": "https://api.github.com/repos/apache/hive/languages",
        "stargazers_url": "https://api.github.com/repos/apache/hive/stargazers",
        "contributors_url": "https://api.github.com/repos/apache/hive/contributors",
        "subscribers_url": "https://api.github.com/repos/apache/hive/subscribers",
        "subscription_url": "https://api.github.com/repos/apache/hive/subscription",
        "commits_url": "https://api.github.com/repos/apache/hive/commits{/sha}",
        "git_commits_url": "https://api.github.com/repos/apache/hive/git/commits{/sha}",
        "comments_url": "https://api.github.com/repos/apache/hive/comments{/number}",
        "issue_comment_url": "https://api.github.com/repos/apache/hive/issues/comments{/number}",
        "contents_url": "https://api.github.com/repos/apache/hive/contents/{+path}",
        "compare_url": "https://api.github.com/repos/apache/hive/compare/{base}...{head}",
        "merges_url": "https://api.github.com/repos/apache/hive/merges",
        "archive_url": "https://api.github.com/repos/apache/hive/{archive_format}{/ref}",
        "downloads_url": "https://api.github.com/repos/apache/hive/downloads",
        "issues_url": "https://api.github.com/repos/apache/hive/issues{/number}",
        "pulls_url": "https://api.github.com/repos/apache/hive/pulls{/number}",
        "milestones_url": "https://api.github.com/repos/apache/hive/milestones{/number}",
        "notifications_url": "https://api.github.com/repos/apache/hive/notifications{?since,all,participating}",
        "labels_url": "https://api.github.com/repos/apache/hive/labels{/name}",
        "releases_url": "https://api.github.com/repos/apache/hive/releases{/id}",
        "deployments_url": "https://api.github.com/repos/apache/hive/deployments"
      },
      "analysis_status": "succeeded",
      "artifact_size_in_bytes": 81841,
      "result_count": 4,
      "database_commit_sha": "6b05d64ce8c7161415d97a7896ea50025322e30a",
      "source_location_prefix": "/home/runner/work/bulk-builder/bulk-builder",
      "artifact_url": "https://objects-origin.githubusercontent.com/codeql-query-console/codeql-variant-analysis-repo-tasks/146/206444/c7de30bb-37f9-4d44-b738-c29eb805d2f0?X-Amz-Algorithm=AWS4-HMAC-SHA256&X-Amz-Credential=queryconsoleprod%2F20221026%2Fus-east-1%2Fs3%2Faws4_request&X-Amz-Date=20221026T124648Z&X-Amz-Expires=300&X-Amz-Signature=79338df6b62460d60a85e365eb10a4da2301a0ec2bd3fbeb08546c700c906021&X-Amz-SignedHeaders=host&actor_id=311693&key_id=0&repo_id=557804416"
    }
  }
}
