{
  "request": {
    "kind": "getVariantAnalysisRepo",
    "repositoryId": 18782726
  },
  "response": {
    "status": 200,
    "body": {
      "repository": {
        "id": 18782726,
        "node_id": "MDEwOlJlcG9zaXRvcnkxODc4MjcyNg==",
        "name": "OwlCarousel2",
        "full_name": "OwlCarousel2/OwlCarousel2",
        "private": false,
        "owner": {
          "login": "OwlCarousel2",
          "id": 18146764,
          "node_id": "MDQ6VXNlcjE4MTQ2NzY0",
          "avatar_url": "https://avatars.githubusercontent.com/u/18146764?v=4",
          "gravatar_id": "",
          "url": "https://api.github.com/users/OwlCarousel2",
          "html_url": "https://github.com/OwlCarousel2",
          "followers_url": "https://api.github.com/users/OwlCarousel2/followers",
          "following_url": "https://api.github.com/users/OwlCarousel2/following{/other_user}",
          "gists_url": "https://api.github.com/users/OwlCarousel2/gists{/gist_id}",
          "starred_url": "https://api.github.com/users/OwlCarousel2/starred{/owner}{/repo}",
          "subscriptions_url": "https://api.github.com/users/OwlCarousel2/subscriptions",
          "organizations_url": "https://api.github.com/users/OwlCarousel2/orgs",
          "repos_url": "https://api.github.com/users/OwlCarousel2/repos",
          "events_url": "https://api.github.com/users/OwlCarousel2/events{/privacy}",
          "received_events_url": "https://api.github.com/users/OwlCarousel2/received_events",
          "type": "User",
          "site_admin": false
        },
        "html_url": "https://github.com/OwlCarousel2/OwlCarousel2",
        "description": "DEPRECATED jQuery Responsive Carousel.",
        "fork": false,
        "url": "https://api.github.com/repos/OwlCarousel2/OwlCarousel2",
        "forks_url": "https://api.github.com/repos/OwlCarousel2/OwlCarousel2/forks",
        "keys_url": "https://api.github.com/repos/OwlCarousel2/OwlCarousel2/keys{/key_id}",
        "collaborators_url": "https://api.github.com/repos/OwlCarousel2/OwlCarousel2/collaborators{/collaborator}",
        "teams_url": "https://api.github.com/repos/OwlCarousel2/OwlCarousel2/teams",
        "hooks_url": "https://api.github.com/repos/OwlCarousel2/OwlCarousel2/hooks",
        "issue_events_url": "https://api.github.com/repos/OwlCarousel2/OwlCarousel2/issues/events{/number}",
        "events_url": "https://api.github.com/repos/OwlCarousel2/OwlCarousel2/events",
        "assignees_url": "https://api.github.com/repos/OwlCarousel2/OwlCarousel2/assignees{/user}",
        "branches_url": "https://api.github.com/repos/OwlCarousel2/OwlCarousel2/branches{/branch}",
        "tags_url": "https://api.github.com/repos/OwlCarousel2/OwlCarousel2/tags",
        "blobs_url": "https://api.github.com/repos/OwlCarousel2/OwlCarousel2/git/blobs{/sha}",
        "git_tags_url": "https://api.github.com/repos/OwlCarousel2/OwlCarousel2/git/tags{/sha}",
        "git_refs_url": "https://api.github.com/repos/OwlCarousel2/OwlCarousel2/git/refs{/sha}",
        "trees_url": "https://api.github.com/repos/OwlCarousel2/OwlCarousel2/git/trees{/sha}",
        "statuses_url": "https://api.github.com/repos/OwlCarousel2/OwlCarousel2/statuses/{sha}",
        "languages_url": "https://api.github.com/repos/OwlCarousel2/OwlCarousel2/languages",
        "stargazers_url": "https://api.github.com/repos/OwlCarousel2/OwlCarousel2/stargazers",
        "contributors_url": "https://api.github.com/repos/OwlCarousel2/OwlCarousel2/contributors",
        "subscribers_url": "https://api.github.com/repos/OwlCarousel2/OwlCarousel2/subscribers",
        "subscription_url": "https://api.github.com/repos/OwlCarousel2/OwlCarousel2/subscription",
        "commits_url": "https://api.github.com/repos/OwlCarousel2/OwlCarousel2/commits{/sha}",
        "git_commits_url": "https://api.github.com/repos/OwlCarousel2/OwlCarousel2/git/commits{/sha}",
        "comments_url": "https://api.github.com/repos/OwlCarousel2/OwlCarousel2/comments{/number}",
        "issue_comment_url": "https://api.github.com/repos/OwlCarousel2/OwlCarousel2/issues/comments{/number}",
        "contents_url": "https://api.github.com/repos/OwlCarousel2/OwlCarousel2/contents/{+path}",
        "compare_url": "https://api.github.com/repos/OwlCarousel2/OwlCarousel2/compare/{base}...{head}",
        "merges_url": "https://api.github.com/repos/OwlCarousel2/OwlCarousel2/merges",
        "archive_url": "https://api.github.com/repos/OwlCarousel2/OwlCarousel2/{archive_format}{/ref}",
        "downloads_url": "https://api.github.com/repos/OwlCarousel2/OwlCarousel2/downloads",
        "issues_url": "https://api.github.com/repos/OwlCarousel2/OwlCarousel2/issues{/number}",
        "pulls_url": "https://api.github.com/repos/OwlCarousel2/OwlCarousel2/pulls{/number}",
        "milestones_url": "https://api.github.com/repos/OwlCarousel2/OwlCarousel2/milestones{/number}",
        "notifications_url": "https://api.github.com/repos/OwlCarousel2/OwlCarousel2/notifications{?since,all,participating}",
        "labels_url": "https://api.github.com/repos/OwlCarousel2/OwlCarousel2/labels{/name}",
        "releases_url": "https://api.github.com/repos/OwlCarousel2/OwlCarousel2/releases{/id}",
        "deployments_url": "https://api.github.com/repos/OwlCarousel2/OwlCarousel2/deployments"
      },
      "analysis_status": "succeeded",
      "artifact_size_in_bytes": 30819,
      "result_count": 3,
      "database_commit_sha": "4eedccac4ea061931162a86e3f268332c16a1ad0",
      "source_location_prefix": "/home/runner/work/bulk-builder/bulk-builder",
      "artifact_url": "https://objects-origin.githubusercontent.com/codeql-query-console/codeql-variant-analysis-repo-tasks/151/18782726/a770474d-fd1c-4628-aee7-cfda1cf23c5d?X-Amz-Algorithm=AWS4-HMAC-SHA256&X-Amz-Credential=queryconsoleprod%2F20221027%2Fus-east-1%2Fs3%2Faws4_request&X-Amz-Date=20221027T074804Z&X-Amz-Expires=300&X-Amz-Signature=e16cf33b90cb9c1d20ba6bb6e658f01a329ae181372e7180889438370c86360a&X-Amz-SignedHeaders=host&actor_id=311693&key_id=0&repo_id=557804416"
    }
  }
}
