{
  "request": {
    "kind": "getVariantAnalysisRepo",
    "repositoryId": 648414
  },
  "response": {
    "status": 200,
    "body": {
      "repository": {
        "id": 648414,
        "node_id": "MDEwOlJlcG9zaXRvcnk2NDg0MTQ=",
        "name": "jquery-validation",
        "full_name": "jquery-validation/jquery-validation",
        "private": false,
        "owner": {
          "login": "jquery-validation",
          "id": 25417692,
          "node_id": "MDEyOk9yZ2FuaXphdGlvbjI1NDE3Njky",
          "avatar_url": "https://avatars.githubusercontent.com/u/25417692?v=4",
          "gravatar_id": "",
          "url": "https://api.github.com/users/jquery-validation",
          "html_url": "https://github.com/jquery-validation",
          "followers_url": "https://api.github.com/users/jquery-validation/followers",
          "following_url": "https://api.github.com/users/jquery-validation/following{/other_user}",
          "gists_url": "https://api.github.com/users/jquery-validation/gists{/gist_id}",
          "starred_url": "https://api.github.com/users/jquery-validation/starred{/owner}{/repo}",
          "subscriptions_url": "https://api.github.com/users/jquery-validation/subscriptions",
          "organizations_url": "https://api.github.com/users/jquery-validation/orgs",
          "repos_url": "https://api.github.com/users/jquery-validation/repos",
          "events_url": "https://api.github.com/users/jquery-validation/events{/privacy}",
          "received_events_url": "https://api.github.com/users/jquery-validation/received_events",
          "type": "Organization",
          "site_admin": false
        },
        "html_url": "https://github.com/jquery-validation/jquery-validation",
        "description": "jQuery Validation Plugin library sources",
        "fork": false,
        "url": "https://api.github.com/repos/jquery-validation/jquery-validation",
        "forks_url": "https://api.github.com/repos/jquery-validation/jquery-validation/forks",
        "keys_url": "https://api.github.com/repos/jquery-validation/jquery-validation/keys{/key_id}",
        "collaborators_url": "https://api.github.com/repos/jquery-validation/jquery-validation/collaborators{/collaborator}",
        "teams_url": "https://api.github.com/repos/jquery-validation/jquery-validation/teams",
        "hooks_url": "https://api.github.com/repos/jquery-validation/jquery-validation/hooks",
        "issue_events_url": "https://api.github.com/repos/jquery-validation/jquery-validation/issues/events{/number}",
        "events_url": "https://api.github.com/repos/jquery-validation/jquery-validation/events",
        "assignees_url": "https://api.github.com/repos/jquery-validation/jquery-validation/assignees{/user}",
        "branches_url": "https://api.github.com/repos/jquery-validation/jquery-validation/branches{/branch}",
        "tags_url": "https://api.github.com/repos/jquery-validation/jquery-validation/tags",
        "blobs_url": "https://api.github.com/repos/jquery-validation/jquery-validation/git/blobs{/sha}",
        "git_tags_url": "https://api.github.com/repos/jquery-validation/jquery-validation/git/tags{/sha}",
        "git_refs_url": "https://api.github.com/repos/jquery-validation/jquery-validation/git/refs{/sha}",
        "trees_url": "https://api.github.com/repos/jquery-validation/jquery-validation/git/trees{/sha}",
        "statuses_url": "https://api.github.com/repos/jquery-validation/jquery-validation/statuses/{sha}",
        "languages_url": "https://api.github.com/repos/jquery-validation/jquery-validation/languages",
        "stargazers_url": "https://api.github.com/repos/jquery-validation/jquery-validation/stargazers",
        "contributors_url": "https://api.github.com/repos/jquery-validation/jquery-validation/contributors",
        "subscribers_url": "https://api.github.com/repos/jquery-validation/jquery-validation/subscribers",
        "subscription_url": "https://api.github.com/repos/jquery-validation/jquery-validation/subscription",
        "commits_url": "https://api.github.com/repos/jquery-validation/jquery-validation/commits{/sha}",
        "git_commits_url": "https://api.github.com/repos/jquery-validation/jquery-validation/git/commits{/sha}",
        "comments_url": "https://api.github.com/repos/jquery-validation/jquery-validation/comments{/number}",
        "issue_comment_url": "https://api.github.com/repos/jquery-validation/jquery-validation/issues/comments{/number}",
        "contents_url": "https://api.github.com/repos/jquery-validation/jquery-validation/contents/{+path}",
        "compare_url": "https://api.github.com/repos/jquery-validation/jquery-validation/compare/{base}...{head}",
        "merges_url": "https://api.github.com/repos/jquery-validation/jquery-validation/merges",
        "archive_url": "https://api.github.com/repos/jquery-validation/jquery-validation/{archive_format}{/ref}",
        "downloads_url": "https://api.github.com/repos/jquery-validation/jquery-validation/downloads",
        "issues_url": "https://api.github.com/repos/jquery-validation/jquery-validation/issues{/number}",
        "pulls_url": "https://api.github.com/repos/jquery-validation/jquery-validation/pulls{/number}",
        "milestones_url": "https://api.github.com/repos/jquery-validation/jquery-validation/milestones{/number}",
        "notifications_url": "https://api.github.com/repos/jquery-validation/jquery-validation/notifications{?since,all,participating}",
        "labels_url": "https://api.github.com/repos/jquery-validation/jquery-validation/labels{/name}",
        "releases_url": "https://api.github.com/repos/jquery-validation/jquery-validation/releases{/id}",
        "deployments_url": "https://api.github.com/repos/jquery-validation/jquery-validation/deployments"
      },
      "analysis_status": "succeeded",
      "artifact_size_in_bytes": 64526,
      "result_count": 2,
      "database_commit_sha": "f1bb23544bb7a796402b763af115662651aa6dbd",
      "source_location_prefix": "/home/runner/work/jquery-validation/jquery-validation",
      "artifact_url": "https://objects-origin.githubusercontent.com/codeql-query-console/codeql-variant-analysis-repo-tasks/151/648414/63b1ecf8-76fb-48d3-a937-11aec3d1f665?X-Amz-Algorithm=AWS4-HMAC-SHA256&X-Amz-Credential=queryconsoleprod%2F20221027%2Fus-east-1%2Fs3%2Faws4_request&X-Amz-Date=20221027T075306Z&X-Amz-Expires=300&X-Amz-Signature=50bbc50bffeeb521765cce9ed00d5e4afd2807219fb6de810fa0acac75d94d36&X-Amz-SignedHeaders=host&actor_id=311693&key_id=0&repo_id=557804416"
    }
  }
}
