{
  "request": {
    "kind": "getVariantAnalysis"
  },
  "response": {
    "status": 200,
    "body": {
      "id": 151,
      "controller_repo": {
        "id": 557804416,
        "node_id": "R_kgDOIT9rgA",
        "name": "mrva-demo-controller-repo",
        "full_name": "github/mrva-demo-controller-repo",
        "private": true,
        "owner": {
          "login": "github",
          "id": 9919,
          "node_id": "MDEyOk9yZ2FuaXphdGlvbjk5MTk=",
          "avatar_url": "https://avatars.githubusercontent.com/u/9919?v=4",
          "gravatar_id": "",
          "url": "https://api.github.com/users/github",
          "html_url": "https://github.com/github",
          "followers_url": "https://api.github.com/users/github/followers",
          "following_url": "https://api.github.com/users/github/following{/other_user}",
          "gists_url": "https://api.github.com/users/github/gists{/gist_id}",
          "starred_url": "https://api.github.com/users/github/starred{/owner}{/repo}",
          "subscriptions_url": "https://api.github.com/users/github/subscriptions",
          "organizations_url": "https://api.github.com/users/github/orgs",
          "repos_url": "https://api.github.com/users/github/repos",
          "events_url": "https://api.github.com/users/github/events{/privacy}",
          "received_events_url": "https://api.github.com/users/github/received_events",
          "type": "Organization",
          "site_admin": false
        },
        "html_url": "https://github.com/github/mrva-demo-controller-repo",
        "description": null,
        "fork": false,
        "url": "https://api.github.com/repos/github/mrva-demo-controller-repo",
        "forks_url": "https://api.github.com/repos/github/mrva-demo-controller-repo/forks",
        "keys_url": "https://api.github.com/repos/github/mrva-demo-controller-repo/keys{/key_id}",
        "collaborators_url": "https://api.github.com/repos/github/mrva-demo-controller-repo/collaborators{/collaborator}",
        "teams_url": "https://api.github.com/repos/github/mrva-demo-controller-repo/teams",
        "hooks_url": "https://api.github.com/repos/github/mrva-demo-controller-repo/hooks",
        "issue_events_url": "https://api.github.com/repos/github/mrva-demo-controller-repo/issues/events{/number}",
        "events_url": "https://api.github.com/repos/github/mrva-demo-controller-repo/events",
        "assignees_url": "https://api.github.com/repos/github/mrva-demo-controller-repo/assignees{/user}",
        "branches_url": "https://api.github.com/repos/github/mrva-demo-controller-repo/branches{/branch}",
        "tags_url": "https://api.github.com/repos/github/mrva-demo-controller-repo/tags",
        "blobs_url": "https://api.github.com/repos/github/mrva-demo-controller-repo/git/blobs{/sha}",
        "git_tags_url": "https://api.github.com/repos/github/mrva-demo-controller-repo/git/tags{/sha}",
        "git_refs_url": "https://api.github.com/repos/github/mrva-demo-controller-repo/git/refs{/sha}",
        "trees_url": "https://api.github.com/repos/github/mrva-demo-controller-repo/git/trees{/sha}",
        "statuses_url": "https://api.github.com/repos/github/mrva-demo-controller-repo/statuses/{sha}",
        "languages_url": "https://api.github.com/repos/github/mrva-demo-controller-repo/languages",
        "stargazers_url": "https://api.github.com/repos/github/mrva-demo-controller-repo/stargazers",
        "contributors_url": "https://api.github.com/repos/github/mrva-demo-controller-repo/contributors",
        "subscribers_url": "https://api.github.com/repos/github/mrva-demo-controller-repo/subscribers",
        "subscription_url": "https://api.github.com/repos/github/mrva-demo-controller-repo/subscription",
        "commits_url": "https://api.github.com/repos/github/mrva-demo-controller-repo/commits{/sha}",
        "git_commits_url": "https://api.github.com/repos/github/mrva-demo-controller-repo/git/commits{/sha}",
        "comments_url": "https://api.github.com/repos/github/mrva-demo-controller-repo/comments{/number}",
        "issue_comment_url": "https://api.github.com/repos/github/mrva-demo-controller-repo/issues/comments{/number}",
        "contents_url": "https://api.github.com/repos/github/mrva-demo-controller-repo/contents/{+path}",
        "compare_url": "https://api.github.com/repos/github/mrva-demo-controller-repo/compare/{base}...{head}",
        "merges_url": "https://api.github.com/repos/github/mrva-demo-controller-repo/merges",
        "archive_url": "https://api.github.com/repos/github/mrva-demo-controller-repo/{archive_format}{/ref}",
        "downloads_url": "https://api.github.com/repos/github/mrva-demo-controller-repo/downloads",
        "issues_url": "https://api.github.com/repos/github/mrva-demo-controller-repo/issues{/number}",
        "pulls_url": "https://api.github.com/repos/github/mrva-demo-controller-repo/pulls{/number}",
        "milestones_url": "https://api.github.com/repos/github/mrva-demo-controller-repo/milestones{/number}",
        "notifications_url": "https://api.github.com/repos/github/mrva-demo-controller-repo/notifications{?since,all,participating}",
        "labels_url": "https://api.github.com/repos/github/mrva-demo-controller-repo/labels{/name}",
        "releases_url": "https://api.github.com/repos/github/mrva-demo-controller-repo/releases{/id}",
        "deployments_url": "https://api.github.com/repos/github/mrva-demo-controller-repo/deployments"
      },
      "actor": {
        "login": "charisk",
        "id": 311693,
        "node_id": "MDQ6VXNlcjMxMTY5Mw==",
        "avatar_url": "https://avatars.githubusercontent.com/u/311693?v=4",
        "gravatar_id": "",
        "url": "https://api.github.com/users/charisk",
        "html_url": "https://github.com/charisk",
        "followers_url": "https://api.github.com/users/charisk/followers",
        "following_url": "https://api.github.com/users/charisk/following{/other_user}",
        "gists_url": "https://api.github.com/users/charisk/gists{/gist_id}",
        "starred_url": "https://api.github.com/users/charisk/starred{/owner}{/repo}",
        "subscriptions_url": "https://api.github.com/users/charisk/subscriptions",
        "organizations_url": "https://api.github.com/users/charisk/orgs",
        "repos_url": "https://api.github.com/users/charisk/repos",
        "events_url": "https://api.github.com/users/charisk/events{/privacy}",
        "received_events_url": "https://api.github.com/users/charisk/received_events",
        "type": "User",
        "site_admin": true
      },
      "query_language": "javascript",
      "query_pack_url": "https://objects-origin.githubusercontent.com/codeql-query-console/variant_analyses/151/query_pack?X-Amz-Algorithm=AWS4-HMAC-SHA256&X-Amz-Credential=queryconsoleprod%2F20221027%2Fus-east-1%2Fs3%2Faws4_request&X-Amz-Date=20221027T074311Z&X-Amz-Expires=3600&X-Amz-Signature=f64eab84c8e1fd07362dbcfd5fa0447bf22a7d565c88d862aed667fa6b37234e&X-Amz-SignedHeaders=host",
      "created_at": "2022-10-27T07:42:59Z",
      "updated_at": "2022-10-27T07:43:02Z",
      "actions_workflow_run_id": 3335462873,
      "status": "in_progress",
      "scanned_repositories": [
        {
          "repository": {
            "id": 478996,
            "name": "jquery-ui",
            "full_name": "jquery/jquery-ui",
            "private": false,
            "stargazers_count": 11085,
            "updated_at": "2022-11-01T11:06:31Z"
          },
          "analysis_status": "pending"
        },
        {
          "repository": {
            "id": 648414,
            "name": "jquery-validation",
            "full_name": "jquery-validation/jquery-validation",
            "private": false,
            "stargazers_count": 10250,
            "updated_at": "2022-11-01T17:52:18Z"
          },
          "analysis_status": "pending"
        },
        {
          "repository": {
            "id": 2950981,
            "name": "azure-sdk-for-node",
            "full_name": "Azure/azure-sdk-for-node",
            "private": false,
            "stargazers_count": 1183,
            "updated_at": "2022-11-02T06:42:39Z"
          },
          "analysis_status": "pending"
        },
        {
          "repository": {
            "id": 17335035,
            "name": "bootstrap-fileinput",
            "full_name": "kartik-v/bootstrap-fileinput",
            "private": false,
            "stargazers_count": 5238,
            "updated_at": "2022-11-02T11:01:58Z"
          },
          "analysis_status": "pending"
        },
        {
          "repository": {
            "id": 18782726,
            "name": "OwlCarousel2",
            "full_name": "OwlCarousel2/OwlCarousel2",
            "private": false,
            "stargazers_count": 7732,
            "updated_at": "2022-11-02T02:26:29Z"
          },
          "analysis_status": "pending"
        }
      ],
      "skipped_repositories": {
        "access_mismatch_repos": {
          "repository_count": 100,
          "repositories": [
            {
              "id": 48296,
              "name": "raphael",
              "full_name": "DmitryBaranovskiy/raphael",
              "private": false,
              "stargazers_count": 11134,
              "updated_at": "2022-11-02T09:44:58Z"
            },
            {
              "id": 63557,
              "name": "jquery-mousewheel",
              "full_name": "jquery/jquery-mousewheel",
              "private": false,
              "stargazers_count": 3903,
              "updated_at": "2022-11-01T03:59:45Z"
            },
            {
              "id": 75547,
              "name": "showdown",
              "full_name": "showdownjs/showdown",
              "private": false,
              "stargazers_count": 12875,
              "updated_at": "2022-11-02T03:36:15Z"
            },
            {
              "id": 84009,
              "name": "jasmine",
              "full_name": "jasmine/jasmine",
              "private": false,
              "stargazers_count": 15459,
              "updated_at": "2022-10-31T07:47:15Z"
            },
            {
              "id": 84822,
              "name": "js-beautify",
              "full_name": "beautify-web/js-beautify",
              "private": false,
              "stargazers_count": 7902,
              "updated_at": "2022-11-02T07:40:06Z"
            },
            {
              "id": 165557,
              "name": "js-base64",
              "full_name": "dankogai/js-base64",
              "private": false,
              "stargazers_count": 3831,
              "updated_at": "2022-11-02T03:17:43Z"
            },
            {
              "id": 167174,
              "name": "jquery",
              "full_name": "jquery/jquery",
              "private": false,
              "stargazers_count": 56910,
              "updated_at": "2022-11-02T00:55:34Z"
            },
            {
              "id": 237159,
              "name": "express",
              "full_name": "expressjs/express",
              "private": false,
              "stargazers_count": 58776,
              "updated_at": "2022-11-02T10:33:45Z"
            },
            {
              "id": 292525,
              "name": "jszip",
              "full_name": "Stuk/jszip",
              "private": false,
              "stargazers_count": 8412,
              "updated_at": "2022-11-02T10:46:56Z"
            },
            {
              "id": 317757,
              "name": "Modernizr",
              "full_name": "Modernizr/Modernizr",
              "private": false,
              "stargazers_count": 25349,
              "updated_at": "2022-11-02T10:11:31Z"
            },
            {
              "id": 326688,
              "name": "mustache.js",
              "full_name": "janl/mustache.js",
              "private": false,
              "stargazers_count": 15595,
              "updated_at": "2022-11-02T04:12:53Z"
            },
            {
              "id": 349241,
              "name": "underscore",
              "full_name": "jashkenas/underscore",
              "private": false,
              "stargazers_count": 26655,
              "updated_at": "2022-11-01T23:21:28Z"
            },
            {
              "id": 357681,
              "name": "node-glob",
              "full_name": "isaacs/node-glob",
              "private": false,
              "stargazers_count": 7739,
              "updated_at": "2022-11-02T08:23:54Z"
            },
            {
              "id": 381979,
              "name": "fullcalendar",
              "full_name": "fullcalendar/fullcalendar",
              "private": false,
              "stargazers_count": 15569,
              "updated_at": "2022-11-02T09:19:14Z"
            },
            {
              "id": 402046,
              "name": "jsPDF",
              "full_name": "parallax/jsPDF",
              "private": false,
              "stargazers_count": 25408,
              "updated_at": "2022-11-02T10:39:20Z"
            },
            {
              "id": 441854,
              "name": "markdown-js",
              "full_name": "evilstreak/markdown-js",
              "private": false,
              "stargazers_count": 7643,
              "updated_at": "2022-10-28T05:15:05Z"
            },
            {
              "id": 462292,
              "name": "node-mongodb-native",
              "full_name": "mongodb/node-mongodb-native",
              "private": false,
              "stargazers_count": 9574,
              "updated_at": "2022-11-02T10:57:50Z"
            },
            {
              "id": 467471,
              "name": "tinymce",
              "full_name": "tinymce/tinymce",
              "private": false,
              "stargazers_count": 12103,
              "updated_at": "2022-11-02T09:49:59Z"
            },
            {
              "id": 475599,
              "name": "log4js-node",
              "full_name": "log4js-node/log4js-node",
              "private": false,
              "stargazers_count": 5500,
              "updated_at": "2022-11-02T07:01:50Z"
            },
            {
              "id": 478584,
              "name": "jsdom",
              "full_name": "jsdom/jsdom",
              "private": false,
              "stargazers_count": 18052,
              "updated_at": "2022-11-02T11:18:57Z"
            },
            {
              "id": 486550,
              "name": "html5-boilerplate",
              "full_name": "h5bp/html5-boilerplate",
              "private": false,
              "stargazers_count": 53520,
              "updated_at": "2022-11-02T07:30:25Z"
            },
            {
              "id": 501326,
              "name": "requirejs",
              "full_name": "requirejs/requirejs",
              "private": false,
              "stargazers_count": 12842,
              "updated_at": "2022-11-02T11:02:32Z"
            },
            {
              "id": 504220,
              "name": "html-minifier",
              "full_name": "kangax/html-minifier",
              "private": false,
              "stargazers_count": 4700,
              "updated_at": "2022-10-29T16:27:36Z"
            },
            {
              "id": 508894,
              "name": "sax-js",
              "full_name": "isaacs/sax-js",
              "private": false,
              "stargazers_count": 1015,
              "updated_at": "2022-10-27T12:56:55Z"
            },
            {
              "id": 519390,
              "name": "emmet",
              "full_name": "emmetio/emmet",
              "private": false,
              "stargazers_count": 4235,
              "updated_at": "2022-10-29T09:24:35Z"
            },
            {
              "id": 527644,
              "name": "less.js",
              "full_name": "less/less.js",
              "private": false,
              "stargazers_count": 16866,
              "updated_at": "2022-11-02T10:47:45Z"
            },
            {
              "id": 534940,
              "name": "mime",
              "full_name": "broofa/mime",
              "private": false,
              "stargazers_count": 1876,
              "updated_at": "2022-10-28T01:31:34Z"
            },
            {
              "id": 557977,
              "name": "socket.io-client",
              "full_name": "socketio/socket.io-client",
              "private": false,
              "stargazers_count": 9988,
              "updated_at": "2022-11-02T07:19:51Z"
            },
            {
              "id": 557980,
              "name": "socket.io",
              "full_name": "socketio/socket.io",
              "private": false,
              "stargazers_count": 56972,
              "updated_at": "2022-11-02T06:15:27Z"
            },
            {
              "id": 560495,
              "name": "jsdoc",
              "full_name": "jsdoc/jsdoc",
              "private": false,
              "stargazers_count": 13246,
              "updated_at": "2022-11-01T20:51:26Z"
            },
            {
              "id": 573569,
              "name": "jake",
              "full_name": "jakejs/jake",
              "private": false,
              "stargazers_count": 1923,
              "updated_at": "2022-10-25T19:36:45Z"
            },
            {
              "id": 576201,
              "name": "three.js",
              "full_name": "mrdoob/three.js",
              "private": false,
              "stargazers_count": 86505,
              "updated_at": "2022-11-02T10:46:23Z"
            },
            {
              "id": 597879,
              "name": "mongoose",
              "full_name": "Automattic/mongoose",
              "private": false,
              "stargazers_count": 24930,
              "updated_at": "2022-11-02T09:51:25Z"
            },
            {
              "id": 600637,
              "name": "stats.js",
              "full_name": "mrdoob/stats.js",
              "private": false,
              "stargazers_count": 7932,
              "updated_at": "2022-10-31T09:19:23Z"
            },
            {
              "id": 602604,
              "name": "pegjs",
              "full_name": "pegjs/pegjs",
              "private": false,
              "stargazers_count": 4503,
              "updated_at": "2022-10-30T05:03:04Z"
            },
            {
              "id": 620636,
              "name": "webfontloader",
              "full_name": "typekit/webfontloader",
              "private": false,
              "stargazers_count": 9013,
              "updated_at": "2022-11-02T05:48:14Z"
            },
            {
              "id": 655209,
              "name": "formidable",
              "full_name": "node-formidable/formidable",
              "private": false,
              "stargazers_count": 6404,
              "updated_at": "2022-11-02T09:18:22Z"
            },
            {
              "id": 667006,
              "name": "video.js",
              "full_name": "videojs/video.js",
              "private": false,
              "stargazers_count": 34459,
              "updated_at": "2022-11-02T08:17:21Z"
            },
            {
              "id": 679662,
              "name": "node-lru-cache",
              "full_name": "isaacs/node-lru-cache",
              "private": false,
              "stargazers_count": 4427,
              "updated_at": "2022-11-02T05:50:43Z"
            },
            {
              "id": 687836,
              "name": "connect",
              "full_name": "senchalabs/connect",
              "private": false,
              "stargazers_count": 9559,
              "updated_at": "2022-11-01T08:20:04Z"
            },
            {
              "id": 691146,
              "name": "tween.js",
              "full_name": "tweenjs/tween.js",
              "private": false,
              "stargazers_count": 8888,
              "updated_at": "2022-11-02T06:57:57Z"
            },
            {
              "id": 698041,
              "name": "async",
              "full_name": "caolan/async",
              "private": false,
              "stargazers_count": 27723,
              "updated_at": "2022-11-02T04:50:06Z"
            },
            {
              "id": 712530,
              "name": "fabric.js",
              "full_name": "fabricjs/fabric.js",
              "private": false,
              "stargazers_count": 23149,
              "updated_at": "2022-11-02T09:45:43Z"
            },
            {
              "id": 714074,
              "name": "pouchdb",
              "full_name": "pouchdb/pouchdb",
              "private": false,
              "stargazers_count": 15318,
              "updated_at": "2022-11-02T10:14:50Z"
            },
            {
              "id": 715168,
              "name": "colors.js",
              "full_name": "Marak/colors.js",
              "private": false,
              "stargazers_count": 5019,
              "updated_at": "2022-11-02T05:17:19Z"
            },
            {
              "id": 734934,
              "name": "pug",
              "full_name": "pugjs/pug",
              "private": false,
              "stargazers_count": 20988,
              "updated_at": "2022-11-02T06:43:03Z"
            },
            {
              "id": 734957,
              "name": "node-cron",
              "full_name": "kelektiv/node-cron",
              "private": false,
              "stargazers_count": 7598,
              "updated_at": "2022-11-01T17:12:28Z"
            },
            {
              "id": 743723,
              "name": "store.js",
              "full_name": "marcuswestin/store.js",
              "private": false,
              "stargazers_count": 13844,
              "updated_at": "2022-11-02T03:26:50Z"
            },
            {
              "id": 747698,
              "name": "sinon",
              "full_name": "sinonjs/sinon",
              "private": false,
              "stargazers_count": 9149,
              "updated_at": "2022-11-02T09:18:57Z"
            },
            {
              "id": 757363,
              "name": "knockout",
              "full_name": "knockout/knockout",
              "private": false,
              "stargazers_count": 10247,
              "updated_at": "2022-10-31T11:09:48Z"
            },
            {
              "id": 779570,
              "name": "forge",
              "full_name": "digitalbazaar/forge",
              "private": false,
              "stargazers_count": 4541,
              "updated_at": "2022-11-02T06:45:45Z"
            },
            {
              "id": 790359,
              "name": "sequelize",
              "full_name": "sequelize/sequelize",
              "private": false,
              "stargazers_count": 26977,
              "updated_at": "2022-11-02T11:20:07Z"
            },
            {
              "id": 795421,
              "name": "node-http-proxy",
              "full_name": "http-party/node-http-proxy",
              "private": false,
              "stargazers_count": 13042,
              "updated_at": "2022-11-01T16:51:43Z"
            },
            {
              "id": 800115,
              "name": "underscore.string",
              "full_name": "esamattis/underscore.string",
              "private": false,
              "stargazers_count": 3374,
              "updated_at": "2022-10-29T12:20:47Z"
            },
            {
              "id": 805461,
              "name": "mysql",
              "full_name": "mysqljs/mysql",
              "private": false,
              "stargazers_count": 17500,
              "updated_at": "2022-11-02T10:01:41Z"
            },
            {
              "id": 809601,
              "name": "handlebars.js",
              "full_name": "handlebars-lang/handlebars.js",
              "private": false,
              "stargazers_count": 16837,
              "updated_at": "2022-11-01T10:57:04Z"
            },
            {
              "id": 887025,
              "name": "q",
              "full_name": "kriskowal/q",
              "private": false,
              "stargazers_count": 14948,
              "updated_at": "2022-10-28T07:31:40Z"
            },
            {
              "id": 893522,
              "name": "node-serialport",
              "full_name": "serialport/node-serialport",
              "private": false,
              "stargazers_count": 5320,
              "updated_at": "2022-11-01T00:00:33Z"
            },
            {
              "id": 908893,
              "name": "node-redis",
              "full_name": "redis/node-redis",
              "private": false,
              "stargazers_count": 15627,
              "updated_at": "2022-11-02T11:20:58Z"
            },
            {
              "id": 914603,
              "name": "es5-shim",
              "full_name": "es-shims/es5-shim",
              "private": false,
              "stargazers_count": 7110,
              "updated_at": "2022-10-28T06:39:48Z"
            },
            {
              "id": 926231,
              "name": "Inputmask",
              "full_name": "RobinHerbots/Inputmask",
              "private": false,
              "stargazers_count": 5987,
              "updated_at": "2022-11-02T05:50:57Z"
            },
            {
              "id": 931039,
              "name": "browserify",
              "full_name": "browserify/browserify",
              "private": false,
              "stargazers_count": 14254,
              "updated_at": "2022-11-01T03:37:09Z"
            },
            {
              "id": 931135,
              "name": "Leaflet",
              "full_name": "Leaflet/Leaflet",
              "private": false,
              "stargazers_count": 36010,
              "updated_at": "2022-11-02T10:09:58Z"
            },
            {
              "id": 942903,
              "name": "forever",
              "full_name": "foreversd/forever",
              "private": false,
              "stargazers_count": 13663,
              "updated_at": "2022-11-01T05:29:05Z"
            },
            {
              "id": 943149,
              "name": "d3",
              "full_name": "d3/d3",
              "private": false,
              "stargazers_count": 103304,
              "updated_at": "2022-11-02T09:49:28Z"
            },
            {
              "id": 947175,
              "name": "json-schema",
              "full_name": "kriszyp/json-schema",
              "private": false,
              "stargazers_count": 499,
              "updated_at": "2022-10-19T19:17:53Z"
            },
            {
              "id": 952189,
              "name": "backbone",
              "full_name": "jashkenas/backbone",
              "private": false,
              "stargazers_count": 27936,
              "updated_at": "2022-11-02T03:16:33Z"
            },
            {
              "id": 958314,
              "name": "nodemon",
              "full_name": "remy/nodemon",
              "private": false,
              "stargazers_count": 24604,
              "updated_at": "2022-11-02T10:11:39Z"
            },
            {
              "id": 965782,
              "name": "validator.js",
              "full_name": "validatorjs/validator.js",
              "private": false,
              "stargazers_count": 20415,
              "updated_at": "2022-11-02T10:18:55Z"
            },
            {
              "id": 991475,
              "name": "node-postgres",
              "full_name": "brianc/node-postgres",
              "private": false,
              "stargazers_count": 10751,
              "updated_at": "2022-10-31T12:20:17Z"
            },
            {
              "id": 996158,
              "name": "watch",
              "full_name": "mikeal/watch",
              "private": false,
              "stargazers_count": 1250,
              "updated_at": "2022-11-01T17:14:59Z"
            },
            {
              "id": 1025209,
              "name": "CSSOM",
              "full_name": "NV/CSSOM",
              "private": false,
              "stargazers_count": 722,
              "updated_at": "2022-10-25T13:45:13Z"
            },
            {
              "id": 1130565,
              "name": "node-config",
              "full_name": "node-config/node-config",
              "private": false,
              "stargazers_count": 5797,
              "updated_at": "2022-11-02T07:54:31Z"
            },
            {
              "id": 1186030,
              "name": "node-qrcode",
              "full_name": "soldair/node-qrcode",
              "private": false,
              "stargazers_count": 6128,
              "updated_at": "2022-11-02T05:16:11Z"
            },
            {
              "id": 1203139,
              "name": "uuid",
              "full_name": "uuidjs/uuid",
              "private": false,
              "stargazers_count": 12769,
              "updated_at": "2022-11-02T10:25:19Z"
            },
            {
              "id": 1204214,
              "name": "stylus",
              "full_name": "stylus/stylus",
              "private": false,
              "stargazers_count": 10980,
              "updated_at": "2022-11-02T10:57:58Z"
            },
            {
              "id": 1206546,
              "name": "winston",
              "full_name": "winstonjs/winston",
              "private": false,
              "stargazers_count": 19683,
              "updated_at": "2022-11-02T09:13:43Z"
            },
            {
              "id": 1213225,
              "name": "highlight.js",
              "full_name": "highlightjs/highlight.js",
              "private": false,
              "stargazers_count": 20619,
              "updated_at": "2022-11-02T10:05:24Z"
            },
            {
              "id": 1218383,
              "name": "cli-table",
              "full_name": "Automattic/cli-table",
              "private": false,
              "stargazers_count": 2206,
              "updated_at": "2022-10-29T22:05:42Z"
            },
            {
              "id": 1254497,
              "name": "codemirror5",
              "full_name": "codemirror/codemirror5",
              "private": false,
              "stargazers_count": 25436,
              "updated_at": "2022-11-02T07:14:55Z"
            },
            {
              "id": 1272424,
              "name": "nodemailer",
              "full_name": "nodemailer/nodemailer",
              "private": false,
              "stargazers_count": 15120,
              "updated_at": "2022-11-02T07:16:15Z"
            },
            {
              "id": 1272666,
              "name": "jshint",
              "full_name": "jshint/jshint",
              "private": false,
              "stargazers_count": 8800,
              "updated_at": "2022-11-02T02:43:46Z"
            },
            {
              "id": 1283503,
              "name": "request",
              "full_name": "request/request",
              "private": false,
              "stargazers_count": 25558,
              "updated_at": "2022-11-02T07:14:37Z"
            },
            {
              "id": 1295612,
              "name": "flot",
              "full_name": "flot/flot",
              "private": false,
              "stargazers_count": 5954,
              "updated_at": "2022-11-02T00:09:37Z"
            },
            {
              "id": 1341324,
              "name": "rimraf",
              "full_name": "isaacs/rimraf",
              "private": false,
              "stargazers_count": 4882,
              "updated_at": "2022-11-01T02:30:44Z"
            },
            {
              "id": 1357199,
              "name": "node-semver",
              "full_name": "npm/node-semver",
              "private": false,
              "stargazers_count": 4417,
              "updated_at": "2022-11-01T14:26:03Z"
            },
            {
              "id": 1369824,
              "name": "csso",
              "full_name": "css/csso",
              "private": false,
              "stargazers_count": 3617,
              "updated_at": "2022-11-02T03:29:49Z"
            },
            {
              "id": 1419138,
              "name": "clean-css",
              "full_name": "clean-css/clean-css",
              "private": false,
              "stargazers_count": 3994,
              "updated_at": "2022-10-31T19:00:55Z"
            },
            {
              "id": 1424470,
              "name": "moment",
              "full_name": "moment/moment",
              "private": false,
              "stargazers_count": 47014,
              "updated_at": "2022-11-02T09:23:25Z"
            },
            {
              "id": 1451352,
              "name": "mocha",
              "full_name": "mochajs/mocha",
              "private": false,
              "stargazers_count": 21735,
              "updated_at": "2022-11-02T05:54:18Z"
            },
            {
              "id": 1474943,
              "name": "node-dateformat",
              "full_name": "felixge/node-dateformat",
              "private": false,
              "stargazers_count": 1277,
              "updated_at": "2022-10-23T15:41:37Z"
            },
            {
              "id": 1534331,
              "name": "node-tar",
              "full_name": "npm/node-tar",
              "private": false,
              "stargazers_count": 701,
              "updated_at": "2022-10-31T18:54:48Z"
            },
            {
              "id": 1542219,
              "name": "jsdiff",
              "full_name": "kpdecker/jsdiff",
              "private": false,
              "stargazers_count": 6655,
              "updated_at": "2022-11-02T00:34:01Z"
            },
            {
              "id": 1544436,
              "name": "nopt",
              "full_name": "npm/nopt",
              "private": false,
              "stargazers_count": 513,
              "updated_at": "2022-10-30T02:25:47Z"
            },
            {
              "id": 1545869,
              "name": "when",
              "full_name": "cujojs/when",
              "private": false,
              "stargazers_count": 3446,
              "updated_at": "2022-11-02T09:39:58Z"
            },
            {
              "id": 1569980,
              "name": "MQTT.js",
              "full_name": "mqttjs/MQTT.js",
              "private": false,
              "stargazers_count": 7315,
              "updated_at": "2022-11-01T06:35:21Z"
            },
            {
              "id": 1580001,
              "name": "inherits",
              "full_name": "isaacs/inherits",
              "private": false,
              "stargazers_count": 345,
              "updated_at": "2022-10-17T21:30:38Z"
            },
            {
              "id": 1580851,
              "name": "PhotoSwipe",
              "full_name": "dimsemenov/PhotoSwipe",
              "private": false,
              "stargazers_count": 22320,
              "updated_at": "2022-11-02T01:49:54Z"
            },
            {
              "id": 1588997,
              "name": "node-spdy",
              "full_name": "spdy-http2/node-spdy",
              "private": false,
              "stargazers_count": 2775,
              "updated_at": "2022-11-01T10:32:34Z"
            },
            {
              "id": 1590986,
              "name": "WebSocket-Node",
              "full_name": "theturtle32/WebSocket-Node",
              "private": false,
              "stargazers_count": 3597,
              "updated_at": "2022-11-02T02:14:47Z"
            }
          ]
        },
        "not_found_repos": {
          "repository_count": 110,
          "repository_full_names": [
            "evanw/node-source-map-support",
            "angular-ui/ui-router",
            "webpack/tapable",
            "pixijs/pixijs",
            "chjj/blessed",
            "goldfire/howler.js",
            "expressjs/cors",
            "karma-runner/karma-jasmine",
            "vega/vega",
            "mdevils/html-entities",
            "josdejong/mathjs",
            "jshttp/methods",
            "moll/json-stringify-safe",
            "twitter/typeahead.js",
            "webpack/node-libs-browser",
            "processing/p5.js",
            "protobufjs/protobuf.js",
            "googleapis/google-api-nodejs-client",
            "mapbox/mapbox-gl-js",
            "usablica/intro.js",
            "jimhigson/oboe.js",
            "postcss/autoprefixer",
            "chartjs/Chart.js",
            "pimterry/loglevel",
            "google/traceur-compiler",
            "plurals/pluralize",
            "alexei/sprintf.js",
            "ecomfe/zrender",
            "apache/echarts",
            "npm/normalize-package-data",
            "brix/crypto-js",
            "Semantic-Org/Semantic-UI",
            "strongloop/loopback",
            "photonstorm/phaser",
            "blakeembrey/change-case",
            "sidorares/node-mysql2",
            "hiddentao/fast-levenshtein",
            "uncss/uncss",
            "pure-css/pure",
            "benjamn/ast-types",
            "nuysoft/Mock",
            "summernote/summernote",
            "dcodeIO/bcrypt.js",
            "louischatriot/nedb",
            "TryGhost/Ghost",
            "pieroxy/lz-string",
            "systemjs/systemjs",
            "SBoudrias/Inquirer.js",
            "bripkens/connect-history-api-fallback",
            "algolia/algoliasearch-client-javascript",
            "mathiasbynens/regenerate",
            "Unitech/pm2",
            "facebook/react",
            "mattboldt/typed.js",
            "mscdex/busboy",
            "Grsmto/simplebar",
            "mathiasbynens/jsesc",
            "tj/co",
            "chancejs/chancejs",
            "ramda/ramda",
            "elastic/elasticsearch-js",
            "mathiasbynens/he",
            "BabylonJS/Babylon.js",
            "eslint/eslint",
            "auth0/node-jsonwebtoken",
            "image-size/image-size",
            "gulpjs/gulp",
            "KaTeX/KaTeX",
            "motdotla/dotenv",
            "TooTallNate/node-https-proxy-agent",
            "kriskowal/asap",
            "estools/esquery",
            "micromatch/anymatch",
            "zloirock/core-js",
            "sindresorhus/slash",
            "koajs/koa",
            "techfort/LokiJS",
            "vuejs/vue",
            "chalk/ansi-styles",
            "rvagg/through2",
            "chalk/supports-color",
            "chalk/chalk",
            "mafintosh/pump",
            "adobe-webplatform/Snap.svg",
            "lovell/sharp",
            "rstacruz/nprogress",
            "ionic-team/ionic-framework",
            "dlmanning/gulp-sass",
            "node-red/node-red",
            "petkaantonov/bluebird",
            "stream-utils/raw-body",
            "alvarotrigo/fullPage.js",
            "janpaepke/ScrollMagic",
            "postcss/postcss",
            "primus/eventemitter3",
            "Turfjs/turf",
            "request/request-promise",
            "facebook/regenerator",
            "mholt/PapaParse",
            "ionic-team/ionicons"
          ]
        }
      }
    }
  }
}
