{
  "request": {
    "kind": "getVariantAnalysis"
  },
  "response": {
    "status": 200,
    "body": {
      "id": 151,
      "controller_repo": {
        "id": 557804416,
        "node_id": "R_kgDOIT9rgA",
        "name": "mrva-demo-controller-repo",
        "full_name": "github/mrva-demo-controller-repo",
        "private": true,
        "owner": {
          "login": "github",
          "id": 9919,
          "node_id": "MDEyOk9yZ2FuaXphdGlvbjk5MTk=",
          "avatar_url": "https://avatars.githubusercontent.com/u/9919?v=4",
          "gravatar_id": "",
          "url": "https://api.github.com/users/github",
          "html_url": "https://github.com/github",
          "followers_url": "https://api.github.com/users/github/followers",
          "following_url": "https://api.github.com/users/github/following{/other_user}",
          "gists_url": "https://api.github.com/users/github/gists{/gist_id}",
          "starred_url": "https://api.github.com/users/github/starred{/owner}{/repo}",
          "subscriptions_url": "https://api.github.com/users/github/subscriptions",
          "organizations_url": "https://api.github.com/users/github/orgs",
          "repos_url": "https://api.github.com/users/github/repos",
          "events_url": "https://api.github.com/users/github/events{/privacy}",
          "received_events_url": "https://api.github.com/users/github/received_events",
          "type": "Organization",
          "site_admin": false
        },
        "html_url": "https://github.com/github/mrva-demo-controller-repo",
        "description": null,
        "fork": false,
        "url": "https://api.github.com/repos/github/mrva-demo-controller-repo",
        "forks_url": "https://api.github.com/repos/github/mrva-demo-controller-repo/forks",
        "keys_url": "https://api.github.com/repos/github/mrva-demo-controller-repo/keys{/key_id}",
        "collaborators_url": "https://api.github.com/repos/github/mrva-demo-controller-repo/collaborators{/collaborator}",
        "teams_url": "https://api.github.com/repos/github/mrva-demo-controller-repo/teams",
        "hooks_url": "https://api.github.com/repos/github/mrva-demo-controller-repo/hooks",
        "issue_events_url": "https://api.github.com/repos/github/mrva-demo-controller-repo/issues/events{/number}",
        "events_url": "https://api.github.com/repos/github/mrva-demo-controller-repo/events",
        "assignees_url": "https://api.github.com/repos/github/mrva-demo-controller-repo/assignees{/user}",
        "branches_url": "https://api.github.com/repos/github/mrva-demo-controller-repo/branches{/branch}",
        "tags_url": "https://api.github.com/repos/github/mrva-demo-controller-repo/tags",
        "blobs_url": "https://api.github.com/repos/github/mrva-demo-controller-repo/git/blobs{/sha}",
        "git_tags_url": "https://api.github.com/repos/github/mrva-demo-controller-repo/git/tags{/sha}",
        "git_refs_url": "https://api.github.com/repos/github/mrva-demo-controller-repo/git/refs{/sha}",
        "trees_url": "https://api.github.com/repos/github/mrva-demo-controller-repo/git/trees{/sha}",
        "statuses_url": "https://api.github.com/repos/github/mrva-demo-controller-repo/statuses/{sha}",
        "languages_url": "https://api.github.com/repos/github/mrva-demo-controller-repo/languages",
        "stargazers_url": "https://api.github.com/repos/github/mrva-demo-controller-repo/stargazers",
        "contributors_url": "https://api.github.com/repos/github/mrva-demo-controller-repo/contributors",
        "subscribers_url": "https://api.github.com/repos/github/mrva-demo-controller-repo/subscribers",
        "subscription_url": "https://api.github.com/repos/github/mrva-demo-controller-repo/subscription",
        "commits_url": "https://api.github.com/repos/github/mrva-demo-controller-repo/commits{/sha}",
        "git_commits_url": "https://api.github.com/repos/github/mrva-demo-controller-repo/git/commits{/sha}",
        "comments_url": "https://api.github.com/repos/github/mrva-demo-controller-repo/comments{/number}",
        "issue_comment_url": "https://api.github.com/repos/github/mrva-demo-controller-repo/issues/comments{/number}",
        "contents_url": "https://api.github.com/repos/github/mrva-demo-controller-repo/contents/{+path}",
        "compare_url": "https://api.github.com/repos/github/mrva-demo-controller-repo/compare/{base}...{head}",
        "merges_url": "https://api.github.com/repos/github/mrva-demo-controller-repo/merges",
        "archive_url": "https://api.github.com/repos/github/mrva-demo-controller-repo/{archive_format}{/ref}",
        "downloads_url": "https://api.github.com/repos/github/mrva-demo-controller-repo/downloads",
        "issues_url": "https://api.github.com/repos/github/mrva-demo-controller-repo/issues{/number}",
        "pulls_url": "https://api.github.com/repos/github/mrva-demo-controller-repo/pulls{/number}",
        "milestones_url": "https://api.github.com/repos/github/mrva-demo-controller-repo/milestones{/number}",
        "notifications_url": "https://api.github.com/repos/github/mrva-demo-controller-repo/notifications{?since,all,participating}",
        "labels_url": "https://api.github.com/repos/github/mrva-demo-controller-repo/labels{/name}",
        "releases_url": "https://api.github.com/repos/github/mrva-demo-controller-repo/releases{/id}",
        "deployments_url": "https://api.github.com/repos/github/mrva-demo-controller-repo/deployments"
      },
      "actor": {
        "login": "charisk",
        "id": 311693,
        "node_id": "MDQ6VXNlcjMxMTY5Mw==",
        "avatar_url": "https://avatars.githubusercontent.com/u/311693?v=4",
        "gravatar_id": "",
        "url": "https://api.github.com/users/charisk",
        "html_url": "https://github.com/charisk",
        "followers_url": "https://api.github.com/users/charisk/followers",
        "following_url": "https://api.github.com/users/charisk/following{/other_user}",
        "gists_url": "https://api.github.com/users/charisk/gists{/gist_id}",
        "starred_url": "https://api.github.com/users/charisk/starred{/owner}{/repo}",
        "subscriptions_url": "https://api.github.com/users/charisk/subscriptions",
        "organizations_url": "https://api.github.com/users/charisk/orgs",
        "repos_url": "https://api.github.com/users/charisk/repos",
        "events_url": "https://api.github.com/users/charisk/events{/privacy}",
        "received_events_url": "https://api.github.com/users/charisk/received_events",
        "type": "User",
        "site_admin": true
      },
      "query_language": "javascript",
      "query_pack_url": "https://objects-origin.githubusercontent.com/codeql-query-console/variant_analyses/151/query_pack?X-Amz-Algorithm=AWS4-HMAC-SHA256&X-Amz-Credential=queryconsoleprod%2F20221027%2Fus-east-1%2Fs3%2Faws4_request&X-Amz-Date=20221027T075522Z&X-Amz-Expires=3600&X-Amz-Signature=a137f6c5a03cb0185904411b42398f7d6583371106738bb968800d88c47ef1b9&X-Amz-SignedHeaders=host",
      "created_at": "2022-10-27T07:42:59Z",
      "updated_at": "2022-10-27T07:43:02Z",
      "actions_workflow_run_id": 3335462873,
      "status": "in_progress",
      "scanned_repositories": [
        {
          "repository": {
            "id": 478996,
            "name": "jquery-ui",
            "full_name": "jquery/jquery-ui",
            "private": false,
            "stargazers_count": 11085,
            "updated_at": "2022-11-01T11:06:31Z"
          },
          "analysis_status": "succeeded",
          "artifact_size_in_bytes": 11914,
          "result_count": 1
        },
        {
          "repository": {
            "id": 648414,
            "name": "jquery-validation",
            "full_name": "jquery-validation/jquery-validation",
            "private": false,
            "stargazers_count": 10250,
            "updated_at": "2022-11-01T17:52:18Z"
          },
          "analysis_status": "succeeded",
          "artifact_size_in_bytes": 64526,
          "result_count": 2
        },
        {
          "repository": {
            "id": 2950981,
            "name": "azure-sdk-for-node",
            "full_name": "Azure/azure-sdk-for-node",
            "private": false,
            "stargazers_count": 1183,
            "updated_at": "2022-11-02T06:42:39Z"
          },
          "analysis_status": "in_progress"
        },
        {
          "repository": {
            "id": 17335035,
            "name": "bootstrap-fileinput",
            "full_name": "kartik-v/bootstrap-fileinput",
            "private": false,
            "stargazers_count": 5238,
            "updated_at": "2022-11-02T11:01:58Z"
          },
          "analysis_status": "succeeded",
          "artifact_size_in_bytes": 36673,
          "result_count": 1
        },
        {
          "repository": {
            "id": 18782726,
            "name": "OwlCarousel2",
            "full_name": "OwlCarousel2/OwlCarousel2",
            "private": false,
            "stargazers_count": 7732,
            "updated_at": "2022-11-02T02:26:29Z"
          },
          "analysis_status": "succeeded",
          "artifact_size_in_bytes": 30819,
          "result_count": 3
        }
      ],
      "skipped_repositories": {
        "access_mismatch_repos": {
          "repository_count": 100,
          "repositories": [
            {
              "id": 48296,
              "name": "raphael",
              "full_name": "DmitryBaranovskiy/raphael",
              "private": false,
              "stargazers_count": 11134,
              "updated_at": "2022-11-02T09:44:58Z"
            },
            {
              "id": 63557,
              "name": "jquery-mousewheel",
              "full_name": "jquery/jquery-mousewheel",
              "private": false,
              "stargazers_count": 3903,
              "updated_at": "2022-11-01T03:59:45Z"
            },
            {
              "id": 75547,
              "name": "showdown",
              "full_name": "showdownjs/showdown",
              "private": false,
              "stargazers_count": 12875,
              "updated_at": "2022-11-02T03:36:15Z"
            },
            {
              "id": 84009,
              "name": "jasmine",
              "full_name": "jasmine/jasmine",
              "private": false,
              "stargazers_count": 15459,
              "updated_at": "2022-10-31T07:47:15Z"
            },
            {
              "id": 84822,
              "name": "js-beautify",
              "full_name": "beautify-web/js-beautify",
              "private": false,
              "stargazers_count": 7902,
              "updated_at": "2022-11-02T07:40:06Z"
            },
            {
              "id": 165557,
              "name": "js-base64",
              "full_name": "dankogai/js-base64",
              "private": false,
              "stargazers_count": 3831,
              "updated_at": "2022-11-02T03:17:43Z"
            },
            {
              "id": 167174,
              "name": "jquery",
              "full_name": "jquery/jquery",
              "private": false,
              "stargazers_count": 56910,
              "updated_at": "2022-11-02T00:55:34Z"
            },
            {
              "id": 237159,
              "name": "express",
              "full_name": "expressjs/express",
              "private": false,
              "stargazers_count": 58776,
              "updated_at": "2022-11-02T10:33:45Z"
            },
            {
              "id": 292525,
              "name": "jszip",
              "full_name": "Stuk/jszip",
              "private": false,
              "stargazers_count": 8412,
              "updated_at": "2022-11-02T10:46:56Z"
            },
            {
              "id": 317757,
              "name": "Modernizr",
              "full_name": "Modernizr/Modernizr",
              "private": false,
              "stargazers_count": 25349,
              "updated_at": "2022-11-02T10:11:31Z"
            },
            {
              "id": 326688,
              "name": "mustache.js",
              "full_name": "janl/mustache.js",
              "private": false,
              "stargazers_count": 15595,
              "updated_at": "2022-11-02T04:12:53Z"
            },
            {
              "id": 349241,
              "name": "underscore",
              "full_name": "jashkenas/underscore",
              "private": false,
              "stargazers_count": 26655,
              "updated_at": "2022-11-01T23:21:28Z"
            },
            {
              "id": 357681,
              "name": "node-glob",
              "full_name": "isaacs/node-glob",
              "private": false,
              "stargazers_count": 7739,
              "updated_at": "2022-11-02T08:23:54Z"
            },
            {
              "id": 381979,
              "name": "fullcalendar",
              "full_name": "fullcalendar/fullcalendar",
              "private": false,
              "stargazers_count": 15569,
              "updated_at": "2022-11-02T09:19:14Z"
            },
            {
              "id": 402046,
              "name": "jsPDF",
              "full_name": "parallax/jsPDF",
              "private": false,
              "stargazers_count": 25408,
              "updated_at": "2022-11-02T10:39:20Z"
            },
            {
              "id": 441854,
              "name": "markdown-js",
              "full_name": "evilstreak/markdown-js",
              "private": false,
              "stargazers_count": 7643,
              "updated_at": "2022-10-28T05:15:05Z"
            },
            {
              "id": 462292,
              "name": "node-mongodb-native",
              "full_name": "mongodb/node-mongodb-native",
              "private": false,
              "stargazers_count": 9574,
              "updated_at": "2022-11-02T10:57:50Z"
            },
            {
              "id": 467471,
              "name": "tinymce",
              "full_name": "tinymce/tinymce",
              "private": false,
              "stargazers_count": 12103,
              "updated_at": "2022-11-02T09:49:59Z"
            },
            {
              "id": 475599,
              "name": "log4js-node",
              "full_name": "log4js-node/log4js-node",
              "private": false,
              "stargazers_count": 5500,
              "updated_at": "2022-11-02T07:01:50Z"
            },
            {
              "id": 478584,
              "name": "jsdom",
              "full_name": "jsdom/jsdom",
              "private": false,
              "stargazers_count": 18052,
              "updated_at": "2022-11-02T11:18:57Z"
            },
            {
              "id": 486550,
              "name": "html5-boilerplate",
              "full_name": "h5bp/html5-boilerplate",
              "private": false,
              "stargazers_count": 53520,
              "updated_at": "2022-11-02T07:30:25Z"
            },
            {
              "id": 501326,
              "name": "requirejs",
              "full_name": "requirejs/requirejs",
              "private": false,
              "stargazers_count": 12842,
              "updated_at": "2022-11-02T11:02:32Z"
            },
            {
              "id": 504220,
              "name": "html-minifier",
              "full_name": "kangax/html-minifier",
              "private": false,
              "stargazers_count": 4700,
              "updated_at": "2022-10-29T16:27:36Z"
            },
            {
              "id": 508894,
              "name": "sax-js",
              "full_name": "isaacs/sax-js",
              "private": false,
              "stargazers_count": 1015,
              "updated_at": "2022-10-27T12:56:55Z"
            },
            {
              "id": 519390,
              "name": "emmet",
              "full_name": "emmetio/emmet",
              "private": false,
              "stargazers_count": 4235,
              "updated_at": "2022-10-29T09:24:35Z"
            },
            {
              "id": 527644,
              "name": "less.js",
              "full_name": "less/less.js",
              "private": false,
              "stargazers_count": 16866,
              "updated_at": "2022-11-02T10:47:45Z"
            },
            {
              "id": 534940,
              "name": "mime",
              "full_name": "broofa/mime",
              "private": false,
              "stargazers_count": 1876,
              "updated_at": "2022-10-28T01:31:34Z"
            },
            {
              "id": 557977,
              "name": "socket.io-client",
              "full_name": "socketio/socket.io-client",
              "private": false,
              "stargazers_count": 9988,
              "updated_at": "2022-11-02T07:19:51Z"
            },
            {
              "id": 557980,
              "name": "socket.io",
              "full_name": "socketio/socket.io",
              "private": false,
              "stargazers_count": 56972,
              "updated_at": "2022-11-02T06:15:27Z"
            },
            {
              "id": 560495,
              "name": "jsdoc",
              "full_name": "jsdoc/jsdoc",
              "private": false,
              "stargazers_count": 13246,
              "updated_at": "2022-11-01T20:51:26Z"
            },
            {
              "id": 573569,
              "name": "jake",
              "full_name": "jakejs/jake",
              "private": false,
              "stargazers_count": 1923,
              "updated_at": "2022-10-25T19:36:45Z"
            },
            {
              "id": 576201,
              "name": "three.js",
              "full_name": "mrdoob/three.js",
              "private": false,
              "stargazers_count": 86505,
              "updated_at": "2022-11-02T10:46:23Z"
            },
            {
              "id": 597879,
              "name": "mongoose",
              "full_name": "Automattic/mongoose",
              "private": false,
              "stargazers_count": 24930,
              "updated_at": "2022-11-02T09:51:25Z"
            },
            {
              "id": 600637,
              "name": "stats.js",
              "full_name": "mrdoob/stats.js",
              "private": false,
              "stargazers_count": 7932,
              "updated_at": "2022-10-31T09:19:23Z"
            },
            {
              "id": 602604,
              "name": "pegjs",
              "full_name": "pegjs/pegjs",
              "private": false,
              "stargazers_count": 4503,
              "updated_at": "2022-10-30T05:03:04Z"
            },
            {
              "id": 620636,
              "name": "webfontloader",
              "full_name": "typekit/webfontloader",
              "private": false,
              "stargazers_count": 9013,
              "updated_at": "2022-11-02T05:48:14Z"
            },
            {
              "id": 655209,
              "name": "formidable",
              "full_name": "node-formidable/formidable",
              "private": false,
              "stargazers_count": 6404,
              "updated_at": "2022-11-02T09:18:22Z"
            },
            {
              "id": 667006,
              "name": "video.js",
              "full_name": "videojs/video.js",
              "private": false,
              "stargazers_count": 34459,
              "updated_at": "2022-11-02T08:17:21Z"
            },
            {
              "id": 679662,
              "name": "node-lru-cache",
              "full_name": "isaacs/node-lru-cache",
              "private": false,
              "stargazers_count": 4427,
              "updated_at": "2022-11-02T05:50:43Z"
            },
            {
              "id": 687836,
              "name": "connect",
              "full_name": "senchalabs/connect",
              "private": false,
              "stargazers_count": 9559,
              "updated_at": "2022-11-01T08:20:04Z"
            },
            {
              "id": 691146,
              "name": "tween.js",
              "full_name": "tweenjs/tween.js",
              "private": false,
              "stargazers_count": 8888,
              "updated_at": "2022-11-02T06:57:57Z"
            },
            {
              "id": 698041,
              "name": "async",
              "full_name": "caolan/async",
              "private": false,
              "stargazers_count": 27723,
              "updated_at": "2022-11-02T04:50:06Z"
            },
            {
              "id": 712530,
              "name": "fabric.js",
              "full_name": "fabricjs/fabric.js",
              "private": false,
              "stargazers_count": 23149,
              "updated_at": "2022-11-02T09:45:43Z"
            },
            {
              "id": 714074,
              "name": "pouchdb",
              "full_name": "pouchdb/pouchdb",
              "private": false,
              "stargazers_count": 15318,
              "updated_at": "2022-11-02T10:14:50Z"
            },
            {
              "id": 715168,
              "name": "colors.js",
              "full_name": "Marak/colors.js",
              "private": false,
              "stargazers_count": 5019,
              "updated_at": "2022-11-02T05:17:19Z"
            },
            {
              "id": 734934,
              "name": "pug",
              "full_name": "pugjs/pug",
              "private": false,
              "stargazers_count": 20988,
              "updated_at": "2022-11-02T06:43:03Z"
            },
            {
              "id": 734957,
              "name": "node-cron",
              "full_name": "kelektiv/node-cron",
              "private": false,
              "stargazers_count": 7598,
              "updated_at": "2022-11-01T17:12:28Z"
            },
            {
              "id": 743723,
              "name": "store.js",
              "full_name": "marcuswestin/store.js",
              "private": false,
              "stargazers_count": 13844,
              "updated_at": "2022-11-02T03:26:50Z"
            },
            {
              "id": 747698,
              "name": "sinon",
              "full_name": "sinonjs/sinon",
              "private": false,
              "stargazers_count": 9149,
              "updated_at": "2022-11-02T09:18:57Z"
            },
            {
              "id": 757363,
              "name": "knockout",
              "full_name": "knockout/knockout",
              "private": false,
              "stargazers_count": 10247,
              "updated_at": "2022-10-31T11:09:48Z"
            },
            {
              "id": 779570,
              "name": "forge",
              "full_name": "digitalbazaar/forge",
              "private": false,
              "stargazers_count": 4541,
              "updated_at": "2022-11-02T06:45:45Z"
            },
            {
              "id": 790359,
              "name": "sequelize",
              "full_name": "sequelize/sequelize",
              "private": false,
              "stargazers_count": 26977,
              "updated_at": "2022-11-02T11:20:07Z"
            },
            {
              "id": 795421,
              "name": "node-http-proxy",
              "full_name": "http-party/node-http-proxy",
              "private": false,
              "stargazers_count": 13042,
              "updated_at": "2022-11-01T16:51:43Z"
            },
            {
              "id": 800115,
              "name": "underscore.string",
              "full_name": "esamattis/underscore.string",
              "private": false,
              "stargazers_count": 3374,
              "updated_at": "2022-10-29T12:20:47Z"
            },
            {
              "id": 805461,
              "name": "mysql",
              "full_name": "mysqljs/mysql",
              "private": false,
              "stargazers_count": 17500,
              "updated_at": "2022-11-02T10:01:41Z"
            },
            {
              "id": 809601,
              "name": "handlebars.js",
              "full_name": "handlebars-lang/handlebars.js",
              "private": false,
              "stargazers_count": 16837,
              "updated_at": "2022-11-01T10:57:04Z"
            },
            {
              "id": 887025,
              "name": "q",
              "full_name": "kriskowal/q",
              "private": false,
              "stargazers_count": 14948,
              "updated_at": "2022-10-28T07:31:40Z"
            },
            {
              "id": 893522,
              "name": "node-serialport",
              "full_name": "serialport/node-serialport",
              "private": false,
              "stargazers_count": 5320,
              "updated_at": "2022-11-01T00:00:33Z"
            },
            {
              "id": 908893,
              "name": "node-redis",
              "full_name": "redis/node-redis",
              "private": false,
              "stargazers_count": 15627,
              "updated_at": "2022-11-02T11:20:58Z"
            },
            {
              "id": 914603,
              "name": "es5-shim",
              "full_name": "es-shims/es5-shim",
              "private": false,
              "stargazers_count": 7110,
              "updated_at": "2022-10-28T06:39:48Z"
            },
            {
              "id": 926231,
              "name": "Inputmask",
              "full_name": "RobinHerbots/Inputmask",
              "private": false,
              "stargazers_count": 5987,
              "updated_at": "2022-11-02T05:50:57Z"
            },
            {
              "id": 931039,
              "name": "browserify",
              "full_name": "browserify/browserify",
              "private": false,
              "stargazers_count": 14254,
              "updated_at": "2022-11-01T03:37:09Z"
            },
            {
              "id": 931135,
              "name": "Leaflet",
              "full_name": "Leaflet/Leaflet",
              "private": false,
              "stargazers_count": 36010,
              "updated_at": "2022-11-02T10:09:58Z"
            },
            {
              "id": 942903,
              "name": "forever",
              "full_name": "foreversd/forever",
              "private": false,
              "stargazers_count": 13663,
              "updated_at": "2022-11-01T05:29:05Z"
            },
            {
              "id": 943149,
              "name": "d3",
              "full_name": "d3/d3",
              "private": false,
              "stargazers_count": 103304,
              "updated_at": "2022-11-02T09:49:28Z"
            },
            {
              "id": 947175,
              "name": "json-schema",
              "full_name": "kriszyp/json-schema",
              "private": false,
              "stargazers_count": 499,
              "updated_at": "2022-10-19T19:17:53Z"
            },
            {
              "id": 952189,
              "name": "backbone",
              "full_name": "jashkenas/backbone",
              "private": false,
              "stargazers_count": 27936,
              "updated_at": "2022-11-02T03:16:33Z"
            },
            {
              "id": 958314,
              "name": "nodemon",
              "full_name": "remy/nodemon",
              "private": false,
              "stargazers_count": 24604,
              "updated_at": "2022-11-02T10:11:39Z"
            },
            {
              "id": 965782,
              "name": "validator.js",
              "full_name": "validatorjs/validator.js",
              "private": false,
              "stargazers_count": 20415,
              "updated_at": "2022-11-02T10:18:55Z"
            },
            {
              "id": 991475,
              "name": "node-postgres",
              "full_name": "brianc/node-postgres",
              "private": false,
              "stargazers_count": 10751,
              "updated_at": "2022-10-31T12:20:17Z"
            },
            {
              "id": 996158,
              "name": "watch",
              "full_name": "mikeal/watch",
              "private": false,
              "stargazers_count": 1250,
              "updated_at": "2022-11-01T17:14:59Z"
            },
            {
              "id": 1025209,
              "name": "CSSOM",
              "full_name": "NV/CSSOM",
              "private": false,
              "stargazers_count": 722,
              "updated_at": "2022-10-25T13:45:13Z"
            },
            {
              "id": 1130565,
              "name": "node-config",
              "full_name": "node-config/node-config",
              "private": false,
              "stargazers_count": 5797,
              "updated_at": "2022-11-02T07:54:31Z"
            },
            {
              "id": 1186030,
              "name": "node-qrcode",
              "full_name": "soldair/node-qrcode",
              "private": false,
              "stargazers_count": 6128,
              "updated_at": "2022-11-02T05:16:11Z"
            },
            {
              "id": 1203139,
              "name": "uuid",
              "full_name": "uuidjs/uuid",
              "private": false,
              "stargazers_count": 12769,
              "updated_at": "2022-11-02T10:25:19Z"
            },
            {
              "id": 1204214,
              "name": "stylus",
              "full_name": "stylus/stylus",
              "private": false,
              "stargazers_count": 10980,
              "updated_at": "2022-11-02T10:57:58Z"
            },
            {
              "id": 1206546,
              "name": "winston",
              "full_name": "winstonjs/winston",
              "private": false,
              "stargazers_count": 19683,
              "updated_at": "2022-11-02T09:13:43Z"
            },
            {
              "id": 1213225,
              "name": "highlight.js",
              "full_name": "highlightjs/highlight.js",
              "private": false,
              "stargazers_count": 20619,
              "updated_at": "2022-11-02T10:05:24Z"
            },
            {
              "id": 1218383,
              "name": "cli-table",
              "full_name": "Automattic/cli-table",
              "private": false,
              "stargazers_count": 2206,
              "updated_at": "2022-10-29T22:05:42Z"
            },
            {
              "id": 1254497,
              "name": "codemirror5",
              "full_name": "codemirror/codemirror5",
              "private": false,
              "stargazers_count": 25436,
              "updated_at": "2022-11-02T07:14:55Z"
            },
            {
              "id": 1272424,
              "name": "nodemailer",
              "full_name": "nodemailer/nodemailer",
              "private": false,
              "stargazers_count": 15120,
              "updated_at": "2022-11-02T07:16:15Z"
            },
            {
              "id": 1272666,
              "name": "jshint",
              "full_name": "jshint/jshint",
              "private": false,
              "stargazers_count": 8800,
              "updated_at": "2022-11-02T02:43:46Z"
            },
            {
              "id": 1283503,
              "name": "request",
              "full_name": "request/request",
              "private": false,
              "stargazers_count": 25558,
              "updated_at": "2022-11-02T07:14:37Z"
            },
            {
              "id": 1295612,
              "name": "flot",
              "full_name": "flot/flot",
              "private": false,
              "stargazers_count": 5954,
              "updated_at": "2022-11-02T00:09:37Z"
            },
            {
              "id": 1341324,
              "name": "rimraf",
              "full_name": "isaacs/rimraf",
              "private": false,
              "stargazers_count": 4882,
              "updated_at": "2022-11-01T02:30:44Z"
            },
            {
              "id": 1357199,
              "name": "node-semver",
              "full_name": "npm/node-semver",
              "private": false,
              "stargazers_count": 4417,
              "updated_at": "2022-11-01T14:26:03Z"
            },
            {
              "id": 1369824,
              "name": "csso",
              "full_name": "css/csso",
              "private": false,
              "stargazers_count": 3617,
              "updated_at": "2022-11-02T03:29:49Z"
            },
            {
              "id": 1419138,
              "name": "clean-css",
              "full_name": "clean-css/clean-css",
              "private": false,
              "stargazers_count": 3994,
              "updated_at": "2022-10-31T19:00:55Z"
            },
            {
              "id": 1424470,
              "name": "moment",
              "full_name": "moment/moment",
              "private": false,
              "stargazers_count": 47014,
              "updated_at": "2022-11-02T09:23:25Z"
            },
            {
              "id": 1451352,
              "name": "mocha",
              "full_name": "mochajs/mocha",
              "private": false,
              "stargazers_count": 21735,
              "updated_at": "2022-11-02T05:54:18Z"
            },
            {
              "id": 1474943,
              "name": "node-dateformat",
              "full_name": "felixge/node-dateformat",
              "private": false,
              "stargazers_count": 1277,
              "updated_at": "2022-10-23T15:41:37Z"
            },
            {
              "id": 1534331,
              "name": "node-tar",
              "full_name": "npm/node-tar",
              "private": false,
              "stargazers_count": 701,
              "updated_at": "2022-10-31T18:54:48Z"
            },
            {
              "id": 1542219,
              "name": "jsdiff",
              "full_name": "kpdecker/jsdiff",
              "private": false,
              "stargazers_count": 6655,
              "updated_at": "2022-11-02T00:34:01Z"
            },
            {
              "id": 1544436,
              "name": "nopt",
              "full_name": "npm/nopt",
              "private": false,
              "stargazers_count": 513,
              "updated_at": "2022-10-30T02:25:47Z"
            },
            {
              "id": 1545869,
              "name": "when",
              "full_name": "cujojs/when",
              "private": false,
              "stargazers_count": 3446,
              "updated_at": "2022-11-02T09:39:58Z"
            },
            {
              "id": 1569980,
              "name": "MQTT.js",
              "full_name": "mqttjs/MQTT.js",
              "private": false,
              "stargazers_count": 7315,
              "updated_at": "2022-11-01T06:35:21Z"
            },
            {
              "id": 1580001,
              "name": "inherits",
              "full_name": "isaacs/inherits",
              "private": false,
              "stargazers_count": 345,
              "updated_at": "2022-10-17T21:30:38Z"
            },
            {
              "id": 1580851,
              "name": "PhotoSwipe",
              "full_name": "dimsemenov/PhotoSwipe",
              "private": false,
              "stargazers_count": 22320,
              "updated_at": "2022-11-02T01:49:54Z"
            },
            {
              "id": 1588997,
              "name": "node-spdy",
              "full_name": "spdy-http2/node-spdy",
              "private": false,
              "stargazers_count": 2775,
              "updated_at": "2022-11-01T10:32:34Z"
            },
            {
              "id": 1590986,
              "name": "WebSocket-Node",
              "full_name": "theturtle32/WebSocket-Node",
              "private": false,
              "stargazers_count": 3597,
              "updated_at": "2022-11-02T02:14:47Z"
            }
          ]
        },
        "not_found_repos": {
          "repository_count": 110,
          "repository_full_names": [
            "evanw/node-source-map-support",
            "angular-ui/ui-router",
            "webpack/tapable",
            "pixijs/pixijs",
            "chjj/blessed",
            "goldfire/howler.js",
            "expressjs/cors",
            "karma-runner/karma-jasmine",
            "vega/vega",
            "mdevils/html-entities",
            "josdejong/mathjs",
            "jshttp/methods",
            "moll/json-stringify-safe",
            "twitter/typeahead.js",
            "webpack/node-libs-browser",
            "processing/p5.js",
            "protobufjs/protobuf.js",
            "googleapis/google-api-nodejs-client",
            "mapbox/mapbox-gl-js",
            "usablica/intro.js",
            "jimhigson/oboe.js",
            "postcss/autoprefixer",
            "chartjs/Chart.js",
            "pimterry/loglevel",
            "google/traceur-compiler",
            "plurals/pluralize",
            "alexei/sprintf.js",
            "ecomfe/zrender",
            "apache/echarts",
            "npm/normalize-package-data",
            "brix/crypto-js",
            "Semantic-Org/Semantic-UI",
            "strongloop/loopback",
            "photonstorm/phaser",
            "blakeembrey/change-case",
            "sidorares/node-mysql2",
            "hiddentao/fast-levenshtein",
            "uncss/uncss",
            "pure-css/pure",
            "benjamn/ast-types",
            "nuysoft/Mock",
            "summernote/summernote",
            "dcodeIO/bcrypt.js",
            "louischatriot/nedb",
            "TryGhost/Ghost",
            "pieroxy/lz-string",
            "systemjs/systemjs",
            "SBoudrias/Inquirer.js",
            "bripkens/connect-history-api-fallback",
            "algolia/algoliasearch-client-javascript",
            "mathiasbynens/regenerate",
            "Unitech/pm2",
            "facebook/react",
            "mattboldt/typed.js",
            "mscdex/busboy",
            "Grsmto/simplebar",
            "mathiasbynens/jsesc",
            "tj/co",
            "chancejs/chancejs",
            "ramda/ramda",
            "elastic/elasticsearch-js",
            "mathiasbynens/he",
            "BabylonJS/Babylon.js",
            "eslint/eslint",
            "auth0/node-jsonwebtoken",
            "image-size/image-size",
            "gulpjs/gulp",
            "KaTeX/KaTeX",
            "motdotla/dotenv",
            "TooTallNate/node-https-proxy-agent",
            "kriskowal/asap",
            "estools/esquery",
            "micromatch/anymatch",
            "zloirock/core-js",
            "sindresorhus/slash",
            "koajs/koa",
            "techfort/LokiJS",
            "vuejs/vue",
            "chalk/ansi-styles",
            "rvagg/through2",
            "chalk/supports-color",
            "chalk/chalk",
            "mafintosh/pump",
            "adobe-webplatform/Snap.svg",
            "lovell/sharp",
            "rstacruz/nprogress",
            "ionic-team/ionic-framework",
            "dlmanning/gulp-sass",
            "node-red/node-red",
            "petkaantonov/bluebird",
            "stream-utils/raw-body",
            "alvarotrigo/fullPage.js",
            "janpaepke/ScrollMagic",
            "postcss/postcss",
            "primus/eventemitter3",
            "Turfjs/turf",
            "request/request-promise",
            "facebook/regenerator",
            "mholt/PapaParse",
            "ionic-team/ionicons"
          ]
        },
        "no_codeql_db_repos": {
          "repository_count": 250,
          "repositories": [
            {
              "id": 1607357,
              "name": "superagent",
              "full_name": "visionmedia/superagent",
              "private": false,
              "stargazers_count": 16156,
              "updated_at": "2022-11-02T08:07:11Z"
            },
            {
              "id": 1643317,
              "name": "node-progress",
              "full_name": "visionmedia/node-progress",
              "private": false,
              "stargazers_count": 2815,
              "updated_at": "2022-10-27T12:49:40Z"
            },
            {
              "id": 1649251,
              "name": "events",
              "full_name": "browserify/events",
              "private": false,
              "stargazers_count": 1243,
              "updated_at": "2022-10-19T05:10:09Z"
            },
            {
              "id": 1661758,
              "name": "node-restify",
              "full_name": "restify/node-restify",
              "private": false,
              "stargazers_count": 10516,
              "updated_at": "2022-11-02T09:56:30Z"
            },
            {
              "id": 1673025,
              "name": "bowser",
              "full_name": "lancedikson/bowser",
              "private": false,
              "stargazers_count": 5183,
              "updated_at": "2022-10-28T05:08:21Z"
            },
            {
              "id": 1714160,
              "name": "natural",
              "full_name": "NaturalNode/natural",
              "private": false,
              "stargazers_count": 9927,
              "updated_at": "2022-11-02T09:58:18Z"
            },
            {
              "id": 1735515,
              "name": "node-schedule",
              "full_name": "node-schedule/node-schedule",
              "private": false,
              "stargazers_count": 8568,
              "updated_at": "2022-11-02T11:10:44Z"
            },
            {
              "id": 1738798,
              "name": "node-retry",
              "full_name": "tim-kos/node-retry",
              "private": false,
              "stargazers_count": 1053,
              "updated_at": "2022-10-30T12:32:35Z"
            },
            {
              "id": 1755793,
              "name": "form-data",
              "full_name": "form-data/form-data",
              "private": false,
              "stargazers_count": 2092,
              "updated_at": "2022-11-01T12:01:20Z"
            },
            {
              "id": 1790564,
              "name": "handsontable",
              "full_name": "handsontable/handsontable",
              "private": false,
              "stargazers_count": 17214,
              "updated_at": "2022-11-02T10:16:55Z"
            },
            {
              "id": 1800453,
              "name": "platform.js",
              "full_name": "bestiejs/platform.js",
              "private": false,
              "stargazers_count": 3062,
              "updated_at": "2022-11-02T02:31:21Z"
            },
            {
              "id": 1801829,
              "name": "ember.js",
              "full_name": "emberjs/ember.js",
              "private": false,
              "stargazers_count": 22327,
              "updated_at": "2022-11-02T10:12:11Z"
            },
            {
              "id": 1823764,
              "name": "EventEmitter2",
              "full_name": "EventEmitter2/EventEmitter2",
              "private": false,
              "stargazers_count": 2516,
              "updated_at": "2022-11-01T06:35:05Z"
            },
            {
              "id": 1861458,
              "name": "reveal.js",
              "full_name": "hakimel/reveal.js",
              "private": false,
              "stargazers_count": 62395,
              "updated_at": "2022-11-02T10:33:51Z"
            },
            {
              "id": 1874305,
              "name": "color-convert",
              "full_name": "Qix-/color-convert",
              "private": false,
              "stargazers_count": 643,
              "updated_at": "2022-10-18T03:24:09Z"
            },
            {
              "id": 1908577,
              "name": "http-server",
              "full_name": "http-party/http-server",
              "private": false,
              "stargazers_count": 12229,
              "updated_at": "2022-11-02T10:17:31Z"
            },
            {
              "id": 1915099,
              "name": "resolve",
              "full_name": "browserify/resolve",
              "private": false,
              "stargazers_count": 705,
              "updated_at": "2022-10-02T18:02:04Z"
            },
            {
              "id": 1939300,
              "name": "color",
              "full_name": "Qix-/color",
              "private": false,
              "stargazers_count": 4424,
              "updated_at": "2022-10-29T04:25:44Z"
            },
            {
              "id": 1944156,
              "name": "lunr.js",
              "full_name": "olivernn/lunr.js",
              "private": false,
              "stargazers_count": 8245,
              "updated_at": "2022-11-01T10:41:39Z"
            },
            {
              "id": 1973790,
              "name": "TinyColor",
              "full_name": "bgrins/TinyColor",
              "private": false,
              "stargazers_count": 4422,
              "updated_at": "2022-11-02T00:09:29Z"
            },
            {
              "id": 1981208,
              "name": "setImmediate",
              "full_name": "YuzuJS/setImmediate",
              "private": false,
              "stargazers_count": 1251,
              "updated_at": "2022-11-02T02:58:45Z"
            },
            {
              "id": 2014930,
              "name": "source-map",
              "full_name": "mozilla/source-map",
              "private": false,
              "stargazers_count": 3134,
              "updated_at": "2022-11-02T09:07:14Z"
            },
            {
              "id": 2018652,
              "name": "node-portfinder",
              "full_name": "http-party/node-portfinder",
              "private": false,
              "stargazers_count": 815,
              "updated_at": "2022-10-27T06:26:04Z"
            },
            {
              "id": 2030956,
              "name": "pdfkit",
              "full_name": "foliojs/pdfkit",
              "private": false,
              "stargazers_count": 8394,
              "updated_at": "2022-11-02T02:27:41Z"
            },
            {
              "id": 2048781,
              "name": "node-http-signature",
              "full_name": "TritonDataCenter/node-http-signature",
              "private": false,
              "stargazers_count": 394,
              "updated_at": "2022-09-19T11:31:10Z"
            },
            {
              "id": 2051226,
              "name": "FileSaver.js",
              "full_name": "eligrey/FileSaver.js",
              "private": false,
              "stargazers_count": 19627,
              "updated_at": "2022-11-02T10:35:08Z"
            },
            {
              "id": 2055965,
              "name": "swagger-ui",
              "full_name": "swagger-api/swagger-ui",
              "private": false,
              "stargazers_count": 22938,
              "updated_at": "2022-11-02T09:56:19Z"
            },
            {
              "id": 2056312,
              "name": "html2canvas",
              "full_name": "niklasvh/html2canvas",
              "private": false,
              "stargazers_count": 26994,
              "updated_at": "2022-11-02T10:11:28Z"
            },
            {
              "id": 2056549,
              "name": "minimatch",
              "full_name": "isaacs/minimatch",
              "private": false,
              "stargazers_count": 2809,
              "updated_at": "2022-10-31T08:32:38Z"
            },
            {
              "id": 2077020,
              "name": "node-graceful-fs",
              "full_name": "isaacs/node-graceful-fs",
              "private": false,
              "stargazers_count": 1194,
              "updated_at": "2022-10-28T14:42:39Z"
            },
            {
              "id": 2088939,
              "name": "sockjs-client",
              "full_name": "sockjs/sockjs-client",
              "private": false,
              "stargazers_count": 8065,
              "updated_at": "2022-11-01T11:07:48Z"
            },
            {
              "id": 2088982,
              "name": "sockjs-node",
              "full_name": "sockjs/sockjs-node",
              "private": false,
              "stargazers_count": 2039,
              "updated_at": "2022-10-28T20:50:42Z"
            },
            {
              "id": 2096579,
              "name": "marked",
              "full_name": "markedjs/marked",
              "private": false,
              "stargazers_count": 28552,
              "updated_at": "2022-11-02T10:10:53Z"
            },
            {
              "id": 2110585,
              "name": "ipaddr.js",
              "full_name": "whitequark/ipaddr.js",
              "private": false,
              "stargazers_count": 482,
              "updated_at": "2022-10-31T01:26:17Z"
            },
            {
              "id": 2126244,
              "name": "bootstrap",
              "full_name": "twbs/bootstrap",
              "private": false,
              "stargazers_count": 160202,
              "updated_at": "2022-11-02T11:35:23Z"
            },
            {
              "id": 2163263,
              "name": "hapi",
              "full_name": "hapijs/hapi",
              "private": false,
              "stargazers_count": 14033,
              "updated_at": "2022-11-02T10:37:01Z"
            },
            {
              "id": 2167680,
              "name": "ini",
              "full_name": "npm/ini",
              "private": false,
              "stargazers_count": 675,
              "updated_at": "2022-11-01T15:53:24Z"
            },
            {
              "id": 2169708,
              "name": "node-which",
              "full_name": "npm/node-which",
              "private": false,
              "stargazers_count": 279,
              "updated_at": "2022-10-28T19:48:49Z"
            },
            {
              "id": 2206953,
              "name": "commander.js",
              "full_name": "tj/commander.js",
              "private": false,
              "stargazers_count": 23663,
              "updated_at": "2022-11-02T11:10:19Z"
            },
            {
              "id": 2269353,
              "name": "imagesloaded",
              "full_name": "desandro/imagesloaded",
              "private": false,
              "stargazers_count": 8762,
              "updated_at": "2022-10-31T09:27:07Z"
            },
            {
              "id": 2278524,
              "name": "hubot",
              "full_name": "hubotio/hubot",
              "private": false,
              "stargazers_count": 16287,
              "updated_at": "2022-11-01T20:19:56Z"
            },
            {
              "id": 2279062,
              "name": "htmlparser2",
              "full_name": "fb55/htmlparser2",
              "private": false,
              "stargazers_count": 3669,
              "updated_at": "2022-11-01T09:10:05Z"
            },
            {
              "id": 2296970,
              "name": "webdriverio",
              "full_name": "webdriverio/webdriverio",
              "private": false,
              "stargazers_count": 7774,
              "updated_at": "2022-11-02T08:36:09Z"
            },
            {
              "id": 2313213,
              "name": "node-tmp",
              "full_name": "raszi/node-tmp",
              "private": false,
              "stargazers_count": 690,
              "updated_at": "2022-10-31T02:40:26Z"
            },
            {
              "id": 2317381,
              "name": "clone",
              "full_name": "pvorb/clone",
              "private": false,
              "stargazers_count": 728,
              "updated_at": "2022-10-25T14:47:26Z"
            },
            {
              "id": 2430537,
              "name": "grunt",
              "full_name": "gruntjs/grunt",
              "private": false,
              "stargazers_count": 12175,
              "updated_at": "2022-11-02T10:17:34Z"
            },
            {
              "id": 2436267,
              "name": "nock",
              "full_name": "nock/nock",
              "private": false,
              "stargazers_count": 11787,
              "updated_at": "2022-11-01T22:10:47Z"
            },
            {
              "id": 2471804,
              "name": "stripe-node",
              "full_name": "stripe/stripe-node",
              "private": false,
              "stargazers_count": 3138,
              "updated_at": "2022-11-02T07:14:15Z"
            },
            {
              "id": 2504175,
              "name": "js-yaml",
              "full_name": "nodeca/js-yaml",
              "private": false,
              "stargazers_count": 5710,
              "updated_at": "2022-10-31T13:43:34Z"
            },
            {
              "id": 2518028,
              "name": "express-validator",
              "full_name": "express-validator/express-validator",
              "private": false,
              "stargazers_count": 5621,
              "updated_at": "2022-11-01T22:28:45Z"
            },
            {
              "id": 2520429,
              "name": "gl-matrix",
              "full_name": "toji/gl-matrix",
              "private": false,
              "stargazers_count": 4726,
              "updated_at": "2022-10-30T15:13:29Z"
            },
            {
              "id": 2540368,
              "name": "passport",
              "full_name": "jaredhanson/passport",
              "private": false,
              "stargazers_count": 20790,
              "updated_at": "2022-11-01T18:36:40Z"
            },
            {
              "id": 2541284,
              "name": "cheerio",
              "full_name": "cheeriojs/cheerio",
              "private": false,
              "stargazers_count": 25616,
              "updated_at": "2022-11-02T10:11:26Z"
            },
            {
              "id": 2560988,
              "name": "karma",
              "full_name": "karma-runner/karma",
              "private": false,
              "stargazers_count": 11774,
              "updated_at": "2022-10-28T04:25:54Z"
            },
            {
              "id": 2587163,
              "name": "passport-local",
              "full_name": "jaredhanson/passport-local",
              "private": false,
              "stargazers_count": 2629,
              "updated_at": "2022-11-01T01:07:31Z"
            },
            {
              "id": 2606873,
              "name": "tough-cookie",
              "full_name": "salesforce/tough-cookie",
              "private": false,
              "stargazers_count": 783,
              "updated_at": "2022-10-27T07:39:06Z"
            },
            {
              "id": 2609642,
              "name": "feathers",
              "full_name": "feathersjs/feathers",
              "private": false,
              "stargazers_count": 14170,
              "updated_at": "2022-11-01T22:26:38Z"
            },
            {
              "id": 2743221,
              "name": "iconv-lite",
              "full_name": "ashtuchkin/iconv-lite",
              "private": false,
              "stargazers_count": 2828,
              "updated_at": "2022-10-31T08:30:57Z"
            },
            {
              "id": 2744972,
              "name": "ws",
              "full_name": "websockets/ws",
              "private": false,
              "stargazers_count": 18978,
              "updated_at": "2022-11-02T11:20:59Z"
            },
            {
              "id": 2791348,
              "name": "node-fs-extra",
              "full_name": "jprichardson/node-fs-extra",
              "private": false,
              "stargazers_count": 8768,
              "updated_at": "2022-11-02T03:32:03Z"
            },
            {
              "id": 2804438,
              "name": "engine.io",
              "full_name": "socketio/engine.io",
              "private": false,
              "stargazers_count": 4433,
              "updated_at": "2022-10-26T14:04:52Z"
            },
            {
              "id": 2804440,
              "name": "engine.io-client",
              "full_name": "socketio/engine.io-client",
              "private": false,
              "stargazers_count": 702,
              "updated_at": "2022-10-06T19:46:40Z"
            },
            {
              "id": 2808651,
              "name": "noUiSlider",
              "full_name": "leongersen/noUiSlider",
              "private": false,
              "stargazers_count": 5346,
              "updated_at": "2022-11-01T12:25:18Z"
            },
            {
              "id": 2830198,
              "name": "jQuery-Knob",
              "full_name": "aterrien/jQuery-Knob",
              "private": false,
              "stargazers_count": 5075,
              "updated_at": "2022-10-04T11:59:45Z"
            },
            {
              "id": 2833537,
              "name": "esprima",
              "full_name": "jquery/esprima",
              "private": false,
              "stargazers_count": 6632,
              "updated_at": "2022-11-01T04:06:43Z"
            },
            {
              "id": 2840511,
              "name": "faye-websocket-node",
              "full_name": "faye/faye-websocket-node",
              "private": false,
              "stargazers_count": 577,
              "updated_at": "2022-10-27T19:30:12Z"
            },
            {
              "id": 2853282,
              "name": "base64-js",
              "full_name": "beatgammit/base64-js",
              "private": false,
              "stargazers_count": 775,
              "updated_at": "2022-10-26T17:33:40Z"
            },
            {
              "id": 2871998,
              "name": "debug",
              "full_name": "debug-js/debug",
              "private": false,
              "stargazers_count": 10433,
              "updated_at": "2022-11-02T05:37:20Z"
            },
            {
              "id": 2906168,
              "name": "consolidate.js",
              "full_name": "tj/consolidate.js",
              "private": false,
              "stargazers_count": 3452,
              "updated_at": "2022-10-30T01:10:36Z"
            },
            {
              "id": 2931111,
              "name": "chai",
              "full_name": "chaijs/chai",
              "private": false,
              "stargazers_count": 7740,
              "updated_at": "2022-10-31T19:10:21Z"
            },
            {
              "id": 2956541,
              "name": "needle",
              "full_name": "tomas/needle",
              "private": false,
              "stargazers_count": 1525,
              "updated_at": "2022-10-31T09:02:07Z"
            },
            {
              "id": 2960985,
              "name": "chroma.js",
              "full_name": "gka/chroma.js",
              "private": false,
              "stargazers_count": 9120,
              "updated_at": "2022-11-02T06:46:26Z"
            },
            {
              "id": 2994517,
              "name": "i18next",
              "full_name": "i18next/i18next",
              "private": false,
              "stargazers_count": 6463,
              "updated_at": "2022-11-02T10:28:28Z"
            },
            {
              "id": 3009729,
              "name": "shortid",
              "full_name": "dylang/shortid",
              "private": false,
              "stargazers_count": 5720,
              "updated_at": "2022-11-01T22:28:13Z"
            },
            {
              "id": 3016562,
              "name": "data",
              "full_name": "emberjs/data",
              "private": false,
              "stargazers_count": 3010,
              "updated_at": "2022-10-28T23:31:33Z"
            },
            {
              "id": 3029324,
              "name": "hogan.js",
              "full_name": "twitter/hogan.js",
              "private": false,
              "stargazers_count": 5118,
              "updated_at": "2022-10-28T21:33:16Z"
            },
            {
              "id": 3046507,
              "name": "es6-shim",
              "full_name": "paulmillr/es6-shim",
              "private": false,
              "stargazers_count": 3109,
              "updated_at": "2022-10-26T10:49:06Z"
            },
            {
              "id": 3053807,
              "name": "node-require-directory",
              "full_name": "troygoode/node-require-directory",
              "private": false,
              "stargazers_count": 396,
              "updated_at": "2022-09-01T08:17:48Z"
            },
            {
              "id": 3056094,
              "name": "URI.js",
              "full_name": "medialize/URI.js",
              "private": false,
              "stargazers_count": 6201,
              "updated_at": "2022-11-01T06:03:37Z"
            },
            {
              "id": 3077049,
              "name": "sift.js",
              "full_name": "crcn/sift.js",
              "private": false,
              "stargazers_count": 1566,
              "updated_at": "2022-10-30T15:23:44Z"
            },
            {
              "id": 3114742,
              "name": "sendgrid-nodejs",
              "full_name": "sendgrid/sendgrid-nodejs",
              "private": false,
              "stargazers_count": 2733,
              "updated_at": "2022-10-31T00:21:55Z"
            },
            {
              "id": 3195019,
              "name": "js-spark-md5",
              "full_name": "satazor/js-spark-md5",
              "private": false,
              "stargazers_count": 2187,
              "updated_at": "2022-11-02T07:26:14Z"
            },
            {
              "id": 3214406,
              "name": "meteor",
              "full_name": "meteor/meteor",
              "private": false,
              "stargazers_count": 43112,
              "updated_at": "2022-11-02T10:08:23Z"
            },
            {
              "id": 3238243,
              "name": "caniuse",
              "full_name": "Fyrd/caniuse",
              "private": false,
              "stargazers_count": 5096,
              "updated_at": "2022-11-01T13:30:02Z"
            },
            {
              "id": 3275614,
              "name": "negotiator",
              "full_name": "jshttp/negotiator",
              "private": false,
              "stargazers_count": 220,
              "updated_at": "2022-10-02T07:07:25Z"
            },
            {
              "id": 3276413,
              "name": "deepmerge",
              "full_name": "TehShrike/deepmerge",
              "private": false,
              "stargazers_count": 2495,
              "updated_at": "2022-11-02T02:46:58Z"
            },
            {
              "id": 3302795,
              "name": "node-bunyan",
              "full_name": "trentm/node-bunyan",
              "private": false,
              "stargazers_count": 6918,
              "updated_at": "2022-11-01T09:57:35Z"
            },
            {
              "id": 3320710,
              "name": "ua-parser-js",
              "full_name": "faisalman/ua-parser-js",
              "private": false,
              "stargazers_count": 7280,
              "updated_at": "2022-11-01T20:31:23Z"
            },
            {
              "id": 3328572,
              "name": "sentry-javascript",
              "full_name": "getsentry/sentry-javascript",
              "private": false,
              "stargazers_count": 6640,
              "updated_at": "2022-11-02T09:25:07Z"
            },
            {
              "id": 3329923,
              "name": "helmet",
              "full_name": "helmetjs/helmet",
              "private": false,
              "stargazers_count": 9242,
              "updated_at": "2022-11-02T10:18:15Z"
            },
            {
              "id": 3374332,
              "name": "bootswatch",
              "full_name": "thomaspark/bootswatch",
              "private": false,
              "stargazers_count": 13854,
              "updated_at": "2022-11-02T07:53:08Z"
            },
            {
              "id": 3380952,
              "name": "harmony-reflect",
              "full_name": "tvcutsem/harmony-reflect",
              "private": false,
              "stargazers_count": 445,
              "updated_at": "2022-08-12T15:00:41Z"
            },
            {
              "id": 3386825,
              "name": "eventsource",
              "full_name": "EventSource/eventsource",
              "private": false,
              "stargazers_count": 687,
              "updated_at": "2022-11-01T20:13:07Z"
            },
            {
              "id": 3413682,
              "name": "node-deep-equal",
              "full_name": "inspect-js/node-deep-equal",
              "private": false,
              "stargazers_count": 699,
              "updated_at": "2022-10-21T18:41:03Z"
            },
            {
              "id": 3422939,
              "name": "dropzone",
              "full_name": "dropzone/dropzone",
              "private": false,
              "stargazers_count": 16946,
              "updated_at": "2022-11-02T11:21:28Z"
            },
            {
              "id": 3470471,
              "name": "Font-Awesome",
              "full_name": "FortAwesome/Font-Awesome",
              "private": false,
              "stargazers_count": 70358,
              "updated_at": "2022-11-02T08:28:45Z"
            },
            {
              "id": 3515094,
              "name": "adm-zip",
              "full_name": "cthackers/adm-zip",
              "private": false,
              "stargazers_count": 1706,
              "updated_at": "2022-11-01T15:51:25Z"
            },
            {
              "id": 3537312,
              "name": "xregexp",
              "full_name": "slevithan/xregexp",
              "private": false,
              "stargazers_count": 3157,
              "updated_at": "2022-11-02T04:43:14Z"
            },
            {
              "id": 3602123,
              "name": "hammer.js",
              "full_name": "hammerjs/hammer.js",
              "private": false,
              "stargazers_count": 23258,
              "updated_at": "2022-11-02T02:49:10Z"
            },
            {
              "id": 3602669,
              "name": "filesize.js",
              "full_name": "avoidwork/filesize.js",
              "private": false,
              "stargazers_count": 1323,
              "updated_at": "2022-10-25T22:47:42Z"
            }
          ]
        },
        "over_limit_repos": {
          "repository_count": 210,
          "repositories": [
            {
              "id": 3604157,
              "name": "shelljs",
              "full_name": "shelljs/shelljs",
              "private": false,
              "stargazers_count": 13549,
              "updated_at": "2022-11-02T02:41:03Z"
            },
            {
              "id": 3611422,
              "name": "escodegen",
              "full_name": "estools/escodegen",
              "private": false,
              "stargazers_count": 2462,
              "updated_at": "2022-11-01T13:37:00Z"
            },
            {
              "id": 3620194,
              "name": "select2",
              "full_name": "select2/select2",
              "private": false,
              "stargazers_count": 25456,
              "updated_at": "2022-11-02T10:11:28Z"
            },
            {
              "id": 3655872,
              "name": "ms",
              "full_name": "vercel/ms",
              "private": false,
              "stargazers_count": 4283,
              "updated_at": "2022-11-01T22:04:29Z"
            },
            {
              "id": 3658431,
              "name": "js-bson",
              "full_name": "mongodb/js-bson",
              "private": false,
              "stargazers_count": 928,
              "updated_at": "2022-10-28T07:26:08Z"
            },
            {
              "id": 3678731,
              "name": "webpack",
              "full_name": "webpack/webpack",
              "private": false,
              "stargazers_count": 62023,
              "updated_at": "2022-11-02T09:10:16Z"
            },
            {
              "id": 3721224,
              "name": "swiper",
              "full_name": "nolimits4web/swiper",
              "private": false,
              "stargazers_count": 33053,
              "updated_at": "2022-11-02T11:21:57Z"
            },
            {
              "id": 3744545,
              "name": "bootstrap-datepicker",
              "full_name": "uxsolutions/bootstrap-datepicker",
              "private": false,
              "stargazers_count": 12568,
              "updated_at": "2022-11-01T11:31:58Z"
            },
            {
              "id": 3750921,
              "name": "nightwatch",
              "full_name": "nightwatchjs/nightwatch",
              "private": false,
              "stargazers_count": 11219,
              "updated_at": "2022-11-01T22:07:11Z"
            },
            {
              "id": 3757512,
              "name": "sails",
              "full_name": "balderdashy/sails",
              "private": false,
              "stargazers_count": 22330,
              "updated_at": "2022-11-01T14:11:42Z"
            },
            {
              "id": 3880513,
              "name": "johnny-five",
              "full_name": "rwaldron/johnny-five",
              "private": false,
              "stargazers_count": 12820,
              "updated_at": "2022-11-02T05:34:48Z"
            },
            {
              "id": 3954884,
              "name": "css-loader",
              "full_name": "webpack-contrib/css-loader",
              "private": false,
              "stargazers_count": 4180,
              "updated_at": "2022-11-02T09:52:21Z"
            },
            {
              "id": 3954886,
              "name": "style-loader",
              "full_name": "webpack-contrib/style-loader",
              "private": false,
              "stargazers_count": 1615,
              "updated_at": "2022-10-27T14:33:40Z"
            },
            {
              "id": 3955647,
              "name": "lodash",
              "full_name": "lodash/lodash",
              "private": false,
              "stargazers_count": 54798,
              "updated_at": "2022-11-02T09:59:49Z"
            },
            {
              "id": 3967764,
              "name": "node-extend",
              "full_name": "justmoon/node-extend",
              "private": false,
              "stargazers_count": 338,
              "updated_at": "2022-10-17T12:22:59Z"
            },
            {
              "id": 4058372,
              "name": "node-verror",
              "full_name": "TritonDataCenter/node-verror",
              "private": false,
              "stargazers_count": 1152,
              "updated_at": "2022-10-26T02:09:56Z"
            },
            {
              "id": 4090287,
              "name": "chokidar",
              "full_name": "paulmillr/chokidar",
              "private": false,
              "stargazers_count": 9444,
              "updated_at": "2022-11-02T01:21:11Z"
            },
            {
              "id": 4110016,
              "name": "crypto-browserify",
              "full_name": "crypto-browserify/crypto-browserify",
              "private": false,
              "stargazers_count": 579,
              "updated_at": "2022-10-27T11:47:02Z"
            },
            {
              "id": 4188772,
              "name": "toastr",
              "full_name": "CodeSeven/toastr",
              "private": false,
              "stargazers_count": 11416,
              "updated_at": "2022-11-01T23:29:59Z"
            },
            {
              "id": 4192593,
              "name": "less-loader",
              "full_name": "webpack-contrib/less-loader",
              "private": false,
              "stargazers_count": 927,
              "updated_at": "2022-10-27T05:27:34Z"
            },
            {
              "id": 4205767,
              "name": "emitter",
              "full_name": "component/emitter",
              "private": false,
              "stargazers_count": 551,
              "updated_at": "2022-10-11T16:15:28Z"
            },
            {
              "id": 4268140,
              "name": "moment-timezone",
              "full_name": "moment/moment-timezone",
              "private": false,
              "stargazers_count": 3695,
              "updated_at": "2022-10-28T12:59:53Z"
            },
            {
              "id": 4325614,
              "name": "argparse",
              "full_name": "nodeca/argparse",
              "private": false,
              "stargazers_count": 452,
              "updated_at": "2022-10-05T18:02:17Z"
            },
            {
              "id": 4463453,
              "name": "json5",
              "full_name": "json5/json5",
              "private": false,
              "stargazers_count": 5477,
              "updated_at": "2022-11-02T06:28:18Z"
            },
            {
              "id": 4467228,
              "name": "Fuse",
              "full_name": "krisk/Fuse",
              "private": false,
              "stargazers_count": 14990,
              "updated_at": "2022-11-02T02:22:39Z"
            },
            {
              "id": 4475810,
              "name": "cookie",
              "full_name": "jshttp/cookie",
              "private": false,
              "stargazers_count": 1086,
              "updated_at": "2022-10-28T17:41:02Z"
            },
            {
              "id": 4494405,
              "name": "readdirp",
              "full_name": "paulmillr/readdirp",
              "private": false,
              "stargazers_count": 361,
              "updated_at": "2022-10-13T07:35:02Z"
            },
            {
              "id": 4534540,
              "name": "art-template",
              "full_name": "aui/art-template",
              "private": false,
              "stargazers_count": 9709,
              "updated_at": "2022-11-02T09:21:48Z"
            },
            {
              "id": 4569994,
              "name": "npmlog",
              "full_name": "npm/npmlog",
              "private": false,
              "stargazers_count": 395,
              "updated_at": "2022-10-30T09:47:01Z"
            },
            {
              "id": 4626886,
              "name": "bytes.js",
              "full_name": "visionmedia/bytes.js",
              "private": false,
              "stargazers_count": 419,
              "updated_at": "2022-10-27T01:40:41Z"
            },
            {
              "id": 4696595,
              "name": "localtunnel",
              "full_name": "localtunnel/localtunnel",
              "private": false,
              "stargazers_count": 15054,
              "updated_at": "2022-11-02T09:47:25Z"
            },
            {
              "id": 4723248,
              "name": "openlayers",
              "full_name": "openlayers/openlayers",
              "private": false,
              "stargazers_count": 9528,
              "updated_at": "2022-11-02T10:20:46Z"
            },
            {
              "id": 4767976,
              "name": "node-assert-plus",
              "full_name": "TritonDataCenter/node-assert-plus",
              "private": false,
              "stargazers_count": 121,
              "updated_at": "2022-10-29T08:26:32Z"
            },
            {
              "id": 4813464,
              "name": "supertest",
              "full_name": "visionmedia/supertest",
              "private": false,
              "stargazers_count": 12522,
              "updated_at": "2022-11-01T22:29:44Z"
            },
            {
              "id": 4879977,
              "name": "send",
              "full_name": "pillarjs/send",
              "private": false,
              "stargazers_count": 746,
              "updated_at": "2022-10-28T04:52:15Z"
            },
            {
              "id": 4897046,
              "name": "mousetrap",
              "full_name": "ccampbell/mousetrap",
              "private": false,
              "stargazers_count": 11216,
              "updated_at": "2022-11-02T05:53:17Z"
            },
            {
              "id": 4979467,
              "name": "prism",
              "full_name": "PrismJS/prism",
              "private": false,
              "stargazers_count": 10739,
              "updated_at": "2022-11-02T10:20:32Z"
            },
            {
              "id": 5032833,
              "name": "rework",
              "full_name": "reworkcss/rework",
              "private": false,
              "stargazers_count": 2770,
              "updated_at": "2022-10-21T08:23:07Z"
            },
            {
              "id": 5169475,
              "name": "enquire.js",
              "full_name": "WickyNilliams/enquire.js",
              "private": false,
              "stargazers_count": 3642,
              "updated_at": "2022-10-25T15:05:23Z"
            },
            {
              "id": 5187096,
              "name": "readable-stream",
              "full_name": "nodejs/readable-stream",
              "private": false,
              "stargazers_count": 953,
              "updated_at": "2022-11-01T13:39:53Z"
            },
            {
              "id": 5239185,
              "name": "quill",
              "full_name": "quilljs/quill",
              "private": false,
              "stargazers_count": 33943,
              "updated_at": "2022-11-02T10:09:29Z"
            },
            {
              "id": 5265803,
              "name": "path-to-regexp",
              "full_name": "pillarjs/path-to-regexp",
              "private": false,
              "stargazers_count": 7269,
              "updated_at": "2022-11-02T10:17:38Z"
            },
            {
              "id": 5280109,
              "name": "concat-stream",
              "full_name": "maxogden/concat-stream",
              "private": false,
              "stargazers_count": 565,
              "updated_at": "2022-10-04T19:51:20Z"
            },
            {
              "id": 5283193,
              "name": "ssh2",
              "full_name": "mscdex/ssh2",
              "private": false,
              "stargazers_count": 4944,
              "updated_at": "2022-10-30T21:37:32Z"
            },
            {
              "id": 5303431,
              "name": "rc",
              "full_name": "dominictarr/rc",
              "private": false,
              "stargazers_count": 973,
              "updated_at": "2022-10-31T14:26:08Z"
            },
            {
              "id": 5347074,
              "name": "webpack-dev-middleware",
              "full_name": "webpack/webpack-dev-middleware",
              "private": false,
              "stargazers_count": 2423,
              "updated_at": "2022-11-01T00:31:06Z"
            },
            {
              "id": 5351666,
              "name": "nunjucks",
              "full_name": "mozilla/nunjucks",
              "private": false,
              "stargazers_count": 7922,
              "updated_at": "2022-11-02T06:51:05Z"
            },
            {
              "id": 5400018,
              "name": "levelup",
              "full_name": "Level/levelup",
              "private": false,
              "stargazers_count": 4020,
              "updated_at": "2022-10-31T21:47:45Z"
            },
            {
              "id": 5400204,
              "name": "enhanced-resolve",
              "full_name": "webpack/enhanced-resolve",
              "private": false,
              "stargazers_count": 789,
              "updated_at": "2022-10-27T06:47:33Z"
            },
            {
              "id": 5424019,
              "name": "node-ip",
              "full_name": "indutny/node-ip",
              "private": false,
              "stargazers_count": 1333,
              "updated_at": "2022-11-01T15:24:29Z"
            },
            {
              "id": 5444800,
              "name": "escape-html",
              "full_name": "component/escape-html",
              "private": false,
              "stargazers_count": 396,
              "updated_at": "2022-11-01T11:51:04Z"
            },
            {
              "id": 5476048,
              "name": "daterangepicker",
              "full_name": "dangrossman/daterangepicker",
              "private": false,
              "stargazers_count": 10511,
              "updated_at": "2022-11-02T03:12:22Z"
            },
            {
              "id": 5508088,
              "name": "svgo",
              "full_name": "svg/svgo",
              "private": false,
              "stargazers_count": 18458,
              "updated_at": "2022-11-02T11:18:57Z"
            },
            {
              "id": 5569059,
              "name": "UglifyJS",
              "full_name": "mishoo/UglifyJS",
              "private": false,
              "stargazers_count": 12318,
              "updated_at": "2022-11-01T10:32:54Z"
            },
            {
              "id": 5694513,
              "name": "aws-sdk-js",
              "full_name": "aws/aws-sdk-js",
              "private": false,
              "stargazers_count": 7182,
              "updated_at": "2022-11-01T05:49:15Z"
            },
            {
              "id": 5710341,
              "name": "bower",
              "full_name": "bower/bower",
              "private": false,
              "stargazers_count": 15056,
              "updated_at": "2022-11-01T21:35:49Z"
            },
            {
              "id": 5717953,
              "name": "BigInteger.js",
              "full_name": "peterolson/BigInteger.js",
              "private": false,
              "stargazers_count": 1040,
              "updated_at": "2022-10-29T13:35:54Z"
            },
            {
              "id": 5754307,
              "name": "node-jsonfile",
              "full_name": "jprichardson/node-jsonfile",
              "private": false,
              "stargazers_count": 1142,
              "updated_at": "2022-10-31T07:02:30Z"
            },
            {
              "id": 5775917,
              "name": "istanbul",
              "full_name": "gotwarlost/istanbul",
              "private": false,
              "stargazers_count": 8572,
              "updated_at": "2022-11-01T15:42:18Z"
            },
            {
              "id": 5830987,
              "name": "joi",
              "full_name": "hapijs/joi",
              "private": false,
              "stargazers_count": 19324,
              "updated_at": "2022-11-02T10:04:13Z"
            },
            {
              "id": 5831189,
              "name": "hoek",
              "full_name": "hapijs/hoek",
              "private": false,
              "stargazers_count": 475,
              "updated_at": "2022-10-24T20:01:30Z"
            },
            {
              "id": 5839692,
              "name": "webpack-dev-server",
              "full_name": "webpack/webpack-dev-server",
              "private": false,
              "stargazers_count": 7487,
              "updated_at": "2022-11-02T02:02:08Z"
            },
            {
              "id": 5847275,
              "name": "grunt-contrib-watch",
              "full_name": "gruntjs/grunt-contrib-watch",
              "private": false,
              "stargazers_count": 1991,
              "updated_at": "2022-10-10T01:51:45Z"
            },
            {
              "id": 5905330,
              "name": "GSAP",
              "full_name": "greensock/GSAP",
              "private": false,
              "stargazers_count": 15117,
              "updated_at": "2022-11-02T05:25:53Z"
            },
            {
              "id": 5905681,
              "name": "recast",
              "full_name": "benjamn/recast",
              "private": false,
              "stargazers_count": 4289,
              "updated_at": "2022-10-31T18:26:42Z"
            },
            {
              "id": 5923215,
              "name": "hexo",
              "full_name": "hexojs/hexo",
              "private": false,
              "stargazers_count": 35642,
              "updated_at": "2022-11-02T10:59:10Z"
            },
            {
              "id": 5932749,
              "name": "acorn",
              "full_name": "acornjs/acorn",
              "private": false,
              "stargazers_count": 8875,
              "updated_at": "2022-11-02T01:42:25Z"
            },
            {
              "id": 5972219,
              "name": "bootstrap-select",
              "full_name": "snapappointments/bootstrap-select",
              "private": false,
              "stargazers_count": 9655,
              "updated_at": "2022-11-01T20:37:08Z"
            },
            {
              "id": 5987222,
              "name": "polyglot.js",
              "full_name": "airbnb/polyglot.js",
              "private": false,
              "stargazers_count": 3556,
              "updated_at": "2022-11-02T00:40:27Z"
            },
            {
              "id": 6036101,
              "name": "Numeral-js",
              "full_name": "adamwdraper/Numeral-js",
              "private": false,
              "stargazers_count": 9315,
              "updated_at": "2022-11-01T06:15:55Z"
            },
            {
              "id": 6060783,
              "name": "grunt-contrib-uglify",
              "full_name": "gruntjs/grunt-contrib-uglify",
              "private": false,
              "stargazers_count": 1478,
              "updated_at": "2022-10-20T23:44:40Z"
            },
            {
              "id": 6068826,
              "name": "gaze",
              "full_name": "shama/gaze",
              "private": false,
              "stargazers_count": 1152,
              "updated_at": "2022-10-17T13:00:25Z"
            },
            {
              "id": 6135596,
              "name": "node-archiver",
              "full_name": "archiverjs/node-archiver",
              "private": false,
              "stargazers_count": 2473,
              "updated_at": "2022-11-01T09:40:42Z"
            },
            {
              "id": 6145439,
              "name": "estraverse",
              "full_name": "estools/estraverse",
              "private": false,
              "stargazers_count": 885,
              "updated_at": "2022-10-11T20:15:06Z"
            },
            {
              "id": 6248967,
              "name": "rsvp.js",
              "full_name": "tildeio/rsvp.js",
              "private": false,
              "stargazers_count": 3626,
              "updated_at": "2022-10-29T20:16:33Z"
            },
            {
              "id": 6319157,
              "name": "interact.js",
              "full_name": "taye/interact.js",
              "private": false,
              "stargazers_count": 11208,
              "updated_at": "2022-11-02T05:39:04Z"
            },
            {
              "id": 6498492,
              "name": "javascript",
              "full_name": "airbnb/javascript",
              "private": false,
              "stargazers_count": 128295,
              "updated_at": "2022-11-02T11:30:53Z"
            },
            {
              "id": 6503675,
              "name": "loader-utils",
              "full_name": "webpack/loader-utils",
              "private": false,
              "stargazers_count": 717,
              "updated_at": "2022-10-31T07:33:10Z"
            },
            {
              "id": 6538922,
              "name": "jquery-migrate",
              "full_name": "jquery/jquery-migrate",
              "private": false,
              "stargazers_count": 1875,
              "updated_at": "2022-10-29T10:02:01Z"
            },
            {
              "id": 6584365,
              "name": "big.js",
              "full_name": "MikeMcl/big.js",
              "private": false,
              "stargazers_count": 4199,
              "updated_at": "2022-11-01T03:09:03Z"
            },
            {
              "id": 6602323,
              "name": "bignumber.js",
              "full_name": "MikeMcl/bignumber.js",
              "private": false,
              "stargazers_count": 5837,
              "updated_at": "2022-11-01T11:06:34Z"
            },
            {
              "id": 6672900,
              "name": "configstore",
              "full_name": "yeoman/configstore",
              "private": false,
              "stargazers_count": 802,
              "updated_at": "2022-10-31T16:40:51Z"
            },
            {
              "id": 6697086,
              "name": "follow-redirects",
              "full_name": "follow-redirects/follow-redirects",
              "private": false,
              "stargazers_count": 451,
              "updated_at": "2022-10-28T00:36:30Z"
            },
            {
              "id": 6709682,
              "name": "nvd3",
              "full_name": "novus/nvd3",
              "private": false,
              "stargazers_count": 7183,
              "updated_at": "2022-11-01T13:19:15Z"
            },
            {
              "id": 6837962,
              "name": "hawk",
              "full_name": "mozilla/hawk",
              "private": false,
              "stargazers_count": 1889,
              "updated_at": "2022-10-22T14:53:44Z"
            },
            {
              "id": 6853358,
              "name": "tape",
              "full_name": "ljharb/tape",
              "private": false,
              "stargazers_count": 5675,
              "updated_at": "2022-11-02T09:57:27Z"
            },
            {
              "id": 6898381,
              "name": "cordova-android",
              "full_name": "apache/cordova-android",
              "private": false,
              "stargazers_count": 3411,
              "updated_at": "2022-11-01T23:29:35Z"
            },
            {
              "id": 6965529,
              "name": "node-notifier",
              "full_name": "mikaelbr/node-notifier",
              "private": false,
              "stargazers_count": 5502,
              "updated_at": "2022-11-02T06:19:33Z"
            },
            {
              "id": 6988020,
              "name": "sheetjs",
              "full_name": "SheetJS/sheetjs",
              "private": false,
              "stargazers_count": 31583,
              "updated_at": "2022-11-02T09:25:46Z"
            },
            {
              "id": 7069389,
              "name": "update-notifier",
              "full_name": "yeoman/update-notifier",
              "private": false,
              "stargazers_count": 1697,
              "updated_at": "2022-10-28T12:32:32Z"
            },
            {
              "id": 7122594,
              "name": "directus",
              "full_name": "directus/directus",
              "private": false,
              "stargazers_count": 18129,
              "updated_at": "2022-11-02T11:03:28Z"
            },
            {
              "id": 7297261,
              "name": "promise",
              "full_name": "then/promise",
              "private": false,
              "stargazers_count": 2484,
              "updated_at": "2022-10-26T02:05:09Z"
            },
            {
              "id": 7323216,
              "name": "aws4",
              "full_name": "mhart/aws4",
              "private": false,
              "stargazers_count": 628,
              "updated_at": "2022-10-26T05:10:37Z"
            },
            {
              "id": 7350109,
              "name": "raf",
              "full_name": "chrisdickinson/raf",
              "private": false,
              "stargazers_count": 735,
              "updated_at": "2022-11-01T14:08:34Z"
            },
            {
              "id": 7363211,
              "name": "knex",
              "full_name": "knex/knex",
              "private": false,
              "stargazers_count": 16648,
              "updated_at": "2022-11-02T11:36:11Z"
            },
            {
              "id": 7395230,
              "name": "node-worker-farm",
              "full_name": "rvagg/node-worker-farm",
              "private": false,
              "stargazers_count": 1717,
              "updated_at": "2022-10-26T07:30:06Z"
            },
            {
              "id": 7530570,
              "name": "appium",
              "full_name": "appium/appium",
              "private": false,
              "stargazers_count": 15673,
              "updated_at": "2022-11-02T09:33:28Z"
            },
            {
              "id": 7544081,
              "name": "Magnific-Popup",
              "full_name": "dimsemenov/Magnific-Popup",
              "private": false,
              "stargazers_count": 11304,
              "updated_at": "2022-11-02T03:16:52Z"
            },
            {
              "id": 7579902,
              "name": "boom",
              "full_name": "hapijs/boom",
              "private": false,
              "stargazers_count": 2898,
              "updated_at": "2022-11-01T11:08:28Z"
            },
            {
              "id": 7639232,
              "name": "protractor",
              "full_name": "angular/protractor",
              "private": false,
              "stargazers_count": 8801,
              "updated_at": "2022-10-30T23:47:03Z"
            }
          ]
        }
      }
    }
  }
}
