{
  "request": {
    "kind": "getVariantAnalysisRepo",
    "repositoryId": 478996
  },
  "response": {
    "status": 200,
    "body": {
      "repository": {
        "id": 478996,
        "node_id": "MDEwOlJlcG9zaXRvcnk0Nzg5OTY=",
        "name": "jquery-ui",
        "full_name": "jquery/jquery-ui",
        "private": false,
        "owner": {
          "login": "jquery",
          "id": 70142,
          "node_id": "MDEyOk9yZ2FuaXphdGlvbjcwMTQy",
          "avatar_url": "https://avatars.githubusercontent.com/u/70142?v=4",
          "gravatar_id": "",
          "url": "https://api.github.com/users/jquery",
          "html_url": "https://github.com/jquery",
          "followers_url": "https://api.github.com/users/jquery/followers",
          "following_url": "https://api.github.com/users/jquery/following{/other_user}",
          "gists_url": "https://api.github.com/users/jquery/gists{/gist_id}",
          "starred_url": "https://api.github.com/users/jquery/starred{/owner}{/repo}",
          "subscriptions_url": "https://api.github.com/users/jquery/subscriptions",
          "organizations_url": "https://api.github.com/users/jquery/orgs",
          "repos_url": "https://api.github.com/users/jquery/repos",
          "events_url": "https://api.github.com/users/jquery/events{/privacy}",
          "received_events_url": "https://api.github.com/users/jquery/received_events",
          "type": "Organization",
          "site_admin": false
        },
        "html_url": "https://github.com/jquery/jquery-ui",
        "description": "The official jQuery user interface library.",
        "fork": false,
        "url": "https://api.github.com/repos/jquery/jquery-ui",
        "forks_url": "https://api.github.com/repos/jquery/jquery-ui/forks",
        "keys_url": "https://api.github.com/repos/jquery/jquery-ui/keys{/key_id}",
        "collaborators_url": "https://api.github.com/repos/jquery/jquery-ui/collaborators{/collaborator}",
        "teams_url": "https://api.github.com/repos/jquery/jquery-ui/teams",
        "hooks_url": "https://api.github.com/repos/jquery/jquery-ui/hooks",
        "issue_events_url": "https://api.github.com/repos/jquery/jquery-ui/issues/events{/number}",
        "events_url": "https://api.github.com/repos/jquery/jquery-ui/events",
        "assignees_url": "https://api.github.com/repos/jquery/jquery-ui/assignees{/user}",
        "branches_url": "https://api.github.com/repos/jquery/jquery-ui/branches{/branch}",
        "tags_url": "https://api.github.com/repos/jquery/jquery-ui/tags",
        "blobs_url": "https://api.github.com/repos/jquery/jquery-ui/git/blobs{/sha}",
        "git_tags_url": "https://api.github.com/repos/jquery/jquery-ui/git/tags{/sha}",
        "git_refs_url": "https://api.github.com/repos/jquery/jquery-ui/git/refs{/sha}",
        "trees_url": "https://api.github.com/repos/jquery/jquery-ui/git/trees{/sha}",
        "statuses_url": "https://api.github.com/repos/jquery/jquery-ui/statuses/{sha}",
        "languages_url": "https://api.github.com/repos/jquery/jquery-ui/languages",
        "stargazers_url": "https://api.github.com/repos/jquery/jquery-ui/stargazers",
        "contributors_url": "https://api.github.com/repos/jquery/jquery-ui/contributors",
        "subscribers_url": "https://api.github.com/repos/jquery/jquery-ui/subscribers",
        "subscription_url": "https://api.github.com/repos/jquery/jquery-ui/subscription",
        "commits_url": "https://api.github.com/repos/jquery/jquery-ui/commits{/sha}",
        "git_commits_url": "https://api.github.com/repos/jquery/jquery-ui/git/commits{/sha}",
        "comments_url": "https://api.github.com/repos/jquery/jquery-ui/comments{/number}",
        "issue_comment_url": "https://api.github.com/repos/jquery/jquery-ui/issues/comments{/number}",
        "contents_url": "https://api.github.com/repos/jquery/jquery-ui/contents/{+path}",
        "compare_url": "https://api.github.com/repos/jquery/jquery-ui/compare/{base}...{head}",
        "merges_url": "https://api.github.com/repos/jquery/jquery-ui/merges",
        "archive_url": "https://api.github.com/repos/jquery/jquery-ui/{archive_format}{/ref}",
        "downloads_url": "https://api.github.com/repos/jquery/jquery-ui/downloads",
        "issues_url": "https://api.github.com/repos/jquery/jquery-ui/issues{/number}",
        "pulls_url": "https://api.github.com/repos/jquery/jquery-ui/pulls{/number}",
        "milestones_url": "https://api.github.com/repos/jquery/jquery-ui/milestones{/number}",
        "notifications_url": "https://api.github.com/repos/jquery/jquery-ui/notifications{?since,all,participating}",
        "labels_url": "https://api.github.com/repos/jquery/jquery-ui/labels{/name}",
        "releases_url": "https://api.github.com/repos/jquery/jquery-ui/releases{/id}",
        "deployments_url": "https://api.github.com/repos/jquery/jquery-ui/deployments"
      },
      "analysis_status": "succeeded",
      "artifact_size_in_bytes": 11914,
      "result_count": 1,
      "database_commit_sha": "62f2ccc5678a8b09df85afd006eb623ac38af189",
      "source_location_prefix": "/home/runner/work/bulk-builder/bulk-builder",
      "artifact_url": "https://objects-origin.githubusercontent.com/codeql-query-console/codeql-variant-analysis-repo-tasks/151/478996/5a59f15d-2d55-47d5-b0ba-10e82cb2b37a?X-Amz-Algorithm=AWS4-HMAC-SHA256&X-Amz-Credential=queryconsoleprod%2F20221027%2Fus-east-1%2Fs3%2Faws4_request&X-Amz-Date=20221027T075535Z&X-Amz-Expires=300&X-Amz-Signature=804571915e8ead1ad35315af86964cfdcc2bdee00ef0284094620605af537019&X-Amz-SignedHeaders=host&actor_id=311693&key_id=0&repo_id=557804416"
    }
  }
}
