{
  "request": {
    "kind": "getVariantAnalysisRepo",
    "repositoryId": 2950981
  },
  "response": {
    "status": 200,
    "body": {
      "repository": {
        "id": 2950981,
        "node_id": "MDEwOlJlcG9zaXRvcnkyOTUwOTgx",
        "name": "azure-sdk-for-node",
        "full_name": "Azure/azure-sdk-for-node",
        "private": false,
        "owner": {
          "login": "Azure",
          "id": 6844498,
          "node_id": "MDEyOk9yZ2FuaXphdGlvbjY4NDQ0OTg=",
          "avatar_url": "https://avatars.githubusercontent.com/u/6844498?v=4",
          "gravatar_id": "",
          "url": "https://api.github.com/users/Azure",
          "html_url": "https://github.com/Azure",
          "followers_url": "https://api.github.com/users/Azure/followers",
          "following_url": "https://api.github.com/users/Azure/following{/other_user}",
          "gists_url": "https://api.github.com/users/Azure/gists{/gist_id}",
          "starred_url": "https://api.github.com/users/Azure/starred{/owner}{/repo}",
          "subscriptions_url": "https://api.github.com/users/Azure/subscriptions",
          "organizations_url": "https://api.github.com/users/Azure/orgs",
          "repos_url": "https://api.github.com/users/Azure/repos",
          "events_url": "https://api.github.com/users/Azure/events{/privacy}",
          "received_events_url": "https://api.github.com/users/Azure/received_events",
          "type": "Organization",
          "site_admin": false
        },
        "html_url": "https://github.com/Azure/azure-sdk-for-node",
        "description": "Azure SDK for Node.js - Documentation",
        "fork": false,
        "url": "https://api.github.com/repos/Azure/azure-sdk-for-node",
        "forks_url": "https://api.github.com/repos/Azure/azure-sdk-for-node/forks",
        "keys_url": "https://api.github.com/repos/Azure/azure-sdk-for-node/keys{/key_id}",
        "collaborators_url": "https://api.github.com/repos/Azure/azure-sdk-for-node/collaborators{/collaborator}",
        "teams_url": "https://api.github.com/repos/Azure/azure-sdk-for-node/teams",
        "hooks_url": "https://api.github.com/repos/Azure/azure-sdk-for-node/hooks",
        "issue_events_url": "https://api.github.com/repos/Azure/azure-sdk-for-node/issues/events{/number}",
        "events_url": "https://api.github.com/repos/Azure/azure-sdk-for-node/events",
        "assignees_url": "https://api.github.com/repos/Azure/azure-sdk-for-node/assignees{/user}",
        "branches_url": "https://api.github.com/repos/Azure/azure-sdk-for-node/branches{/branch}",
        "tags_url": "https://api.github.com/repos/Azure/azure-sdk-for-node/tags",
        "blobs_url": "https://api.github.com/repos/Azure/azure-sdk-for-node/git/blobs{/sha}",
        "git_tags_url": "https://api.github.com/repos/Azure/azure-sdk-for-node/git/tags{/sha}",
        "git_refs_url": "https://api.github.com/repos/Azure/azure-sdk-for-node/git/refs{/sha}",
        "trees_url": "https://api.github.com/repos/Azure/azure-sdk-for-node/git/trees{/sha}",
        "statuses_url": "https://api.github.com/repos/Azure/azure-sdk-for-node/statuses/{sha}",
        "languages_url": "https://api.github.com/repos/Azure/azure-sdk-for-node/languages",
        "stargazers_url": "https://api.github.com/repos/Azure/azure-sdk-for-node/stargazers",
        "contributors_url": "https://api.github.com/repos/Azure/azure-sdk-for-node/contributors",
        "subscribers_url": "https://api.github.com/repos/Azure/azure-sdk-for-node/subscribers",
        "subscription_url": "https://api.github.com/repos/Azure/azure-sdk-for-node/subscription",
        "commits_url": "https://api.github.com/repos/Azure/azure-sdk-for-node/commits{/sha}",
        "git_commits_url": "https://api.github.com/repos/Azure/azure-sdk-for-node/git/commits{/sha}",
        "comments_url": "https://api.github.com/repos/Azure/azure-sdk-for-node/comments{/number}",
        "issue_comment_url": "https://api.github.com/repos/Azure/azure-sdk-for-node/issues/comments{/number}",
        "contents_url": "https://api.github.com/repos/Azure/azure-sdk-for-node/contents/{+path}",
        "compare_url": "https://api.github.com/repos/Azure/azure-sdk-for-node/compare/{base}...{head}",
        "merges_url": "https://api.github.com/repos/Azure/azure-sdk-for-node/merges",
        "archive_url": "https://api.github.com/repos/Azure/azure-sdk-for-node/{archive_format}{/ref}",
        "downloads_url": "https://api.github.com/repos/Azure/azure-sdk-for-node/downloads",
        "issues_url": "https://api.github.com/repos/Azure/azure-sdk-for-node/issues{/number}",
        "pulls_url": "https://api.github.com/repos/Azure/azure-sdk-for-node/pulls{/number}",
        "milestones_url": "https://api.github.com/repos/Azure/azure-sdk-for-node/milestones{/number}",
        "notifications_url": "https://api.github.com/repos/Azure/azure-sdk-for-node/notifications{?since,all,participating}",
        "labels_url": "https://api.github.com/repos/Azure/azure-sdk-for-node/labels{/name}",
        "releases_url": "https://api.github.com/repos/Azure/azure-sdk-for-node/releases{/id}",
        "deployments_url": "https://api.github.com/repos/Azure/azure-sdk-for-node/deployments"
      },
      "analysis_status": "succeeded",
      "artifact_size_in_bytes": 13977,
      "result_count": 1,
      "database_commit_sha": "f20f4a702e111a2798d48561ade45c39fdf31225",
      "source_location_prefix": "/home/runner/work/bulk-builder/bulk-builder",
      "artifact_url": "https://objects-origin.githubusercontent.com/codeql-query-console/codeql-variant-analysis-repo-tasks/151/2950981/08e27209-4004-48de-8d59-a35c8142f0f9?X-Amz-Algorithm=AWS4-HMAC-SHA256&X-Amz-Credential=queryconsoleprod%2F20221027%2Fus-east-1%2Fs3%2Faws4_request&X-Amz-Date=20221027T080529Z&X-Amz-Expires=300&X-Amz-Signature=b792d8481436aa5194a6556408311781e3fa8171ff0f903ccbdc865332d333e8&X-Amz-SignedHeaders=host&actor_id=311693&key_id=0&repo_id=557804416"
    }
  }
}
