{
  "request": {
    "kind": "getVariantAnalysisRepo",
    "repositoryId": 17335035
  },
  "response": {
    "status": 200,
    "body": {
      "repository": {
        "id": 17335035,
        "node_id": "MDEwOlJlcG9zaXRvcnkxNzMzNTAzNQ==",
        "name": "bootstrap-fileinput",
        "full_name": "kartik-v/bootstrap-fileinput",
        "private": false,
        "owner": {
          "login": "kartik-v",
          "id": 3592619,
          "node_id": "MDQ6VXNlcjM1OTI2MTk=",
          "avatar_url": "https://avatars.githubusercontent.com/u/3592619?v=4",
          "gravatar_id": "",
          "url": "https://api.github.com/users/kartik-v",
          "html_url": "https://github.com/kartik-v",
          "followers_url": "https://api.github.com/users/kartik-v/followers",
          "following_url": "https://api.github.com/users/kartik-v/following{/other_user}",
          "gists_url": "https://api.github.com/users/kartik-v/gists{/gist_id}",
          "starred_url": "https://api.github.com/users/kartik-v/starred{/owner}{/repo}",
          "subscriptions_url": "https://api.github.com/users/kartik-v/subscriptions",
          "organizations_url": "https://api.github.com/users/kartik-v/orgs",
          "repos_url": "https://api.github.com/users/kartik-v/repos",
          "events_url": "https://api.github.com/users/kartik-v/events{/privacy}",
          "received_events_url": "https://api.github.com/users/kartik-v/received_events",
          "type": "User",
          "site_admin": false
        },
        "html_url": "https://github.com/kartik-v/bootstrap-fileinput",
        "description": "An enhanced HTML 5 file input for Bootstrap 5.x/4.x./3.x with file preview, multiple selection, and more features.",
        "fork": false,
        "url": "https://api.github.com/repos/kartik-v/bootstrap-fileinput",
        "forks_url": "https://api.github.com/repos/kartik-v/bootstrap-fileinput/forks",
        "keys_url": "https://api.github.com/repos/kartik-v/bootstrap-fileinput/keys{/key_id}",
        "collaborators_url": "https://api.github.com/repos/kartik-v/bootstrap-fileinput/collaborators{/collaborator}",
        "teams_url": "https://api.github.com/repos/kartik-v/bootstrap-fileinput/teams",
        "hooks_url": "https://api.github.com/repos/kartik-v/bootstrap-fileinput/hooks",
        "issue_events_url": "https://api.github.com/repos/kartik-v/bootstrap-fileinput/issues/events{/number}",
        "events_url": "https://api.github.com/repos/kartik-v/bootstrap-fileinput/events",
        "assignees_url": "https://api.github.com/repos/kartik-v/bootstrap-fileinput/assignees{/user}",
        "branches_url": "https://api.github.com/repos/kartik-v/bootstrap-fileinput/branches{/branch}",
        "tags_url": "https://api.github.com/repos/kartik-v/bootstrap-fileinput/tags",
        "blobs_url": "https://api.github.com/repos/kartik-v/bootstrap-fileinput/git/blobs{/sha}",
        "git_tags_url": "https://api.github.com/repos/kartik-v/bootstrap-fileinput/git/tags{/sha}",
        "git_refs_url": "https://api.github.com/repos/kartik-v/bootstrap-fileinput/git/refs{/sha}",
        "trees_url": "https://api.github.com/repos/kartik-v/bootstrap-fileinput/git/trees{/sha}",
        "statuses_url": "https://api.github.com/repos/kartik-v/bootstrap-fileinput/statuses/{sha}",
        "languages_url": "https://api.github.com/repos/kartik-v/bootstrap-fileinput/languages",
        "stargazers_url": "https://api.github.com/repos/kartik-v/bootstrap-fileinput/stargazers",
        "contributors_url": "https://api.github.com/repos/kartik-v/bootstrap-fileinput/contributors",
        "subscribers_url": "https://api.github.com/repos/kartik-v/bootstrap-fileinput/subscribers",
        "subscription_url": "https://api.github.com/repos/kartik-v/bootstrap-fileinput/subscription",
        "commits_url": "https://api.github.com/repos/kartik-v/bootstrap-fileinput/commits{/sha}",
        "git_commits_url": "https://api.github.com/repos/kartik-v/bootstrap-fileinput/git/commits{/sha}",
        "comments_url": "https://api.github.com/repos/kartik-v/bootstrap-fileinput/comments{/number}",
        "issue_comment_url": "https://api.github.com/repos/kartik-v/bootstrap-fileinput/issues/comments{/number}",
        "contents_url": "https://api.github.com/repos/kartik-v/bootstrap-fileinput/contents/{+path}",
        "compare_url": "https://api.github.com/repos/kartik-v/bootstrap-fileinput/compare/{base}...{head}",
        "merges_url": "https://api.github.com/repos/kartik-v/bootstrap-fileinput/merges",
        "archive_url": "https://api.github.com/repos/kartik-v/bootstrap-fileinput/{archive_format}{/ref}",
        "downloads_url": "https://api.github.com/repos/kartik-v/bootstrap-fileinput/downloads",
        "issues_url": "https://api.github.com/repos/kartik-v/bootstrap-fileinput/issues{/number}",
        "pulls_url": "https://api.github.com/repos/kartik-v/bootstrap-fileinput/pulls{/number}",
        "milestones_url": "https://api.github.com/repos/kartik-v/bootstrap-fileinput/milestones{/number}",
        "notifications_url": "https://api.github.com/repos/kartik-v/bootstrap-fileinput/notifications{?since,all,participating}",
        "labels_url": "https://api.github.com/repos/kartik-v/bootstrap-fileinput/labels{/name}",
        "releases_url": "https://api.github.com/repos/kartik-v/bootstrap-fileinput/releases{/id}",
        "deployments_url": "https://api.github.com/repos/kartik-v/bootstrap-fileinput/deployments"
      },
      "analysis_status": "succeeded",
      "artifact_size_in_bytes": 36673,
      "result_count": 1,
      "database_commit_sha": "8af6df403f4c37a6e497361eb9c3caafb8ec4d82",
      "source_location_prefix": "/home/runner/work/bulk-builder/bulk-builder",
      "artifact_url": "https://objects-origin.githubusercontent.com/codeql-query-console/codeql-variant-analysis-repo-tasks/151/17335035/06769b4f-0218-4306-9f37-2f5374bb7980?X-Amz-Algorithm=AWS4-HMAC-SHA256&X-Amz-Credential=queryconsoleprod%2F20221027%2Fus-east-1%2Fs3%2Faws4_request&X-Amz-Date=20221027T074803Z&X-Amz-Expires=300&X-Amz-Signature=1a1c13b9c37d9722fa62246f7e2941cc7ae12735eea6979a14209caa38ad1ee2&X-Amz-SignedHeaders=host&actor_id=311693&key_id=0&repo_id=557804416"
    }
  }
}
